{"type":"FeatureCollection","features":[{"type":"Feature","id":1,"geometry":{"type":"Polygon","coordinates":[[[119.01223700000003,26.519896000000074],[119.01223400000003,26.519895000000076],[119.0121620000001,26.519882000000052],[119.01208800000006,26.51987900000006],[119.01201300000002,26.519881000000055],[119.01194100000009,26.519888000000037],[119.01187000000004,26.519904000000054],[119.01180000000011,26.519926000000055],[119.01173100000005,26.519951000000049],[119.01166300000011,26.519978000000037],[119.01159400000006,26.520003000000031],[119.01152500000001,26.520028000000025],[119.01145800000006,26.52005500000007],[119.01139000000001,26.520082000000059],[119.01132300000006,26.520111000000043],[119.01125700000011,26.520140000000026],[119.01119000000006,26.520168000000069],[119.01112300000011,26.520197000000053],[119.01105700000005,26.520227000000034],[119.0109910000001,26.520256000000074],[119.01092400000005,26.520285000000058],[119.0108570000001,26.520313000000044],[119.01083600000004,26.520322000000078],[119.01082700000006,26.520278000000076],[119.01083400000005,26.520205000000033],[119.01083600000004,26.520045000000039],[119.01083000000006,26.519952000000046],[119.01072600000009,26.519662000000039],[119.01065800000003,26.519511000000023],[119.01056100000005,26.519359000000065],[119.01052200000004,26.519244000000072],[119.01043400000003,26.519172000000026],[119.01029700000004,26.519047000000057],[119.01021900000001,26.518895000000043],[119.01035000000002,26.51857700000005],[119.01040100000012,26.518426000000034],[119.01042400000006,26.518107000000043],[119.01021900000001,26.517821000000026],[119.01015100000006,26.517679000000044],[119.01010300000007,26.517563000000052],[119.0098680000001,26.517304000000024],[119.0098200000001,26.517153000000064],[119.00969400000008,26.516886000000056],[119.00954800000011,26.516672000000028],[119.00947000000008,26.516538000000025],[119.00941400000011,26.516138000000069],[119.00938600000006,26.51599600000003],[119.00935900000002,26.515748000000031],[119.00936000000002,26.515623000000062],[119.00943000000007,26.515482000000077],[119.00948000000005,26.515438000000074],[119.00963800000011,26.515323000000024],[119.00967900000001,26.515235000000075],[119.00970200000006,26.514845000000037],[119.00976400000002,26.514499000000058],[119.00981500000012,26.514339000000064],[119.00984600000004,26.514144000000044],[119.00969000000009,26.51388600000007],[119.00957400000004,26.513663000000065],[119.00943700000005,26.51348500000006],[119.00935000000004,26.513351000000057],[119.00925200000006,26.513217000000054],[119.00910500000009,26.513119000000074],[119.00903700000003,26.513003000000026],[119.00897300000008,26.512959000000023],[119.00877700000001,26.512692000000072],[119.00873800000011,26.512590000000046],[119.00872700000002,26.512508000000025],[119.00877500000001,26.512401000000068],[119.00886100000002,26.512298000000044],[119.00915700000007,26.51214600000003],[119.00938900000006,26.512068000000056],[119.00956000000008,26.51204800000005],[119.00973700000009,26.512029000000041],[119.00980000000004,26.512022000000059],[119.01010200000007,26.511894000000041],[119.0103170000001,26.511728000000062],[119.01046700000006,26.511553000000049],[119.01054700000009,26.511373000000049],[119.01059500000008,26.511183000000074],[119.01060600000005,26.510896000000059],[119.01059500000008,26.510807000000057],[119.0104980000001,26.510618000000079],[119.01036800000008,26.510280000000023],[119.01020100000005,26.509931000000051],[119.01017000000002,26.509738000000027],[119.01015100000006,26.509515000000079],[119.01007500000003,26.50894100000005],[119.0100460000001,26.508591000000024],[119.01006600000005,26.508358000000044],[119.01017400000001,26.507904000000053],[119.01081500000009,26.508071000000029],[119.01116400000001,26.508339000000035],[119.01119900000003,26.508365000000026],[119.01142000000004,26.508496000000036],[119.01152700000011,26.508627000000047],[119.0117120000001,26.508651000000043],[119.0119370000001,26.508681000000024],[119.01203700000008,26.508720000000039],[119.0120730000001,26.508734000000061],[119.01205800000002,26.508844000000067],[119.01206400000001,26.508954000000074],[119.01210600000002,26.509071000000063],[119.01212700000008,26.509181000000069],[119.01213300000006,26.509324000000049],[119.01212500000008,26.509414000000049],[119.01205400000003,26.509740000000079],[119.01205300000004,26.509900000000073],[119.01204200000006,26.510033000000078],[119.01201000000003,26.510210000000029],[119.01199900000006,26.510387000000037],[119.01194800000007,26.510582000000056],[119.01196600000003,26.510751000000027],[119.01196500000003,26.510902000000044],[119.01197300000001,26.511071000000072],[119.01197200000001,26.511221000000035],[119.01192000000003,26.511558000000036],[119.01193300000011,26.511735000000044],[119.01202300000011,26.512163000000044],[119.01214700000003,26.512275000000045],[119.01229600000011,26.512599000000023],[119.01235400000007,26.512733000000026],[119.01242200000002,26.512974000000042],[119.01244700000007,26.513125000000059],[119.01251900000011,26.513234000000068],[119.01261700000009,26.513280000000066],[119.01266200000009,26.513327000000061],[119.0127050000001,26.513372000000061],[119.01273700000002,26.513454000000024],[119.01270600000009,26.513520000000028],[119.01263900000004,26.51357500000006],[119.01263400100004,26.513586000000032],[119.01255500000002,26.513765000000035],[119.01253300000008,26.513866000000064],[119.01255000000003,26.513937000000055],[119.01256300000011,26.513996000000077],[119.01251500000001,26.514260000000036],[119.0124780000001,26.51437100000004],[119.01237300000003,26.514482000000044],[119.01235300000008,26.514546000000053],[119.01233100000002,26.514648000000079],[119.01236800000004,26.514786000000072],[119.01240500000006,26.514982000000032],[119.01242000000002,26.515135000000043],[119.01239600000008,26.51538000000005],[119.01235800000006,26.515600000000063],[119.01231300000006,26.515696000000048],[119.01225600000009,26.515761000000055],[119.01213800000005,26.515851000000055],[119.01200000000006,26.515928000000031],[119.01189800000009,26.51599600000003],[119.01186500000006,26.51603700000004],[119.01185300000009,26.516113000000075],[119.01188400000001,26.51625400000006],[119.01191500000004,26.516501000000062],[119.01190100000008,26.516607000000079],[119.01185000000009,26.51667800000007],[119.01164200000005,26.516796000000056],[119.01162500000009,26.516842000000054],[119.01158700000008,26.516901000000075],[119.01157200000011,26.516947000000073],[119.01148200000011,26.517113000000052],[119.01140700100007,26.517265000000066],[119.0113990000001,26.517404000000056],[119.01142700000003,26.517477000000042],[119.01153800000009,26.517538000000059],[119.01159600000005,26.517578000000071],[119.01175100000012,26.517645000000073],[119.01187500000003,26.517726000000039],[119.01194100000009,26.517779000000075],[119.0119850000001,26.517846000000077],[119.01197500000001,26.517870000000073],[119.01199800000006,26.517950000000042],[119.01200300000005,26.518094000000076],[119.01199600000007,26.518210000000067],[119.01189900000008,26.518370000000061],[119.01199300000007,26.518576000000053],[119.01213900000005,26.518783000000042],[119.01221100000009,26.518949000000077],[119.01221800000008,26.519102000000032],[119.01224600000012,26.519201000000066],[119.01230600000008,26.519259000000034],[119.01239400000009,26.519366000000048],[119.01245000000006,26.519535000000076],[119.01239700000008,26.519680000000051],[119.01229300000011,26.519816000000048],[119.01223700000003,26.519896000000074]]]},"properties":{"OBJECTID":1,"villageNam":"盘岭村与赤坑村争议地","streetName":"廷坪乡","flag":0,"Shape_Leng":3325.9287861399998,"MEAN_dist_":0,"MEAN_dist1":0,"MEAN_dis_1":0,"MEAN_dis_2":0,"VC_N":0,"Town_N":0,"Road_N":0,"Med_N":0,"居民占":0,"Exp_Vill":0,"ExpV_N":0,"Den_N":0,"Occ_N":0,"居民_1":0,"Exp_Vill_F":0,"Shape_Length":0.030902896233275655,"Shape_Area":2.5697021740544875e-05}},{"type":"Feature","id":2,"geometry":{"type":"Polygon","coordinates":[[[119.03047700000002,26.512479000000042],[119.0307140000001,26.512470000000064],[119.03093500000011,26.512486000000024],[119.03109900000004,26.512516000000062],[119.03136800000004,26.512510000000077],[119.0314800000001,26.512527000000034],[119.03167700000006,26.512639000000036],[119.0317960000001,26.512759000000074],[119.03182800000002,26.512779000000023],[119.03199400000005,26.512886000000037],[119.03200600000002,26.512895000000071],[119.03222200000005,26.512924000000055],[119.03252300000008,26.51297100000005],[119.03305100000011,26.513104000000055],[119.03334400000006,26.513139000000024],[119.03361200000006,26.513158000000033],[119.03387900000007,26.513206000000025],[119.03414900000007,26.513303000000064],[119.03426300000001,26.513325000000066],[119.03430300000002,26.513353000000052],[119.03430800000001,26.513413000000071],[119.03430900000001,26.513425000000041],[119.03423500000008,26.513508000000058],[119.03421900000001,26.513537000000042],[119.03423500000008,26.513561000000038],[119.03427700000009,26.513594000000069],[119.03429800000004,26.513638000000071],[119.03429400000005,26.513681000000076],[119.03423700000008,26.513766000000032],[119.03420600000004,26.513828000000046],[119.03416900000002,26.513870000000054],[119.03412000000003,26.513843000000065],[119.03405800000007,26.513784000000044],[119.03396900000007,26.513626000000045],[119.03383700000006,26.513687000000061],[119.03383600000006,26.513806000000045],[119.03387700000007,26.513873000000046],[119.03390800000011,26.513954000000069],[119.03386500000011,26.514140000000054],[119.03381600000012,26.514288000000079],[119.0337780000001,26.514434000000051],[119.03374200000007,26.514483000000041],[119.03371400000003,26.514520000000061],[119.03356000000008,26.51454700000005],[119.03341200000011,26.514615000000049],[119.03345600000011,26.514765000000068],[119.03347400000007,26.514892000000032],[119.0334600000001,26.515064000000052],[119.03344000000004,26.515122000000076],[119.03335000000004,26.515309000000059],[119.03333400000008,26.515342000000032],[119.03329900000006,26.515391000000079],[119.03329000000008,26.515459000000078],[119.03331500000002,26.515534000000059],[119.03339000000005,26.515588000000037],[119.03360000000009,26.515681000000029],[119.03365000000008,26.515721000000042],[119.03367000000003,26.515787000000046],[119.03370600000005,26.515926000000036],[119.03372700000011,26.516032000000052],[119.03375800000003,26.516130000000032],[119.03377500000011,26.516261000000043],[119.03380100000004,26.516355000000033],[119.03383100000008,26.516422000000034],[119.03385300000002,26.516471000000024],[119.03390800000011,26.516538000000025],[119.03396300000009,26.516636000000062],[119.03402800000003,26.51669000000004],[119.03408700000011,26.516724000000067],[119.0341380000001,26.516748000000064],[119.03429500000004,26.516859000000068],[119.03434100000004,26.516992000000073],[119.03433900000005,26.517012000000022],[119.03423400000008,26.517254000000037],[119.03399000000002,26.51748200000003],[119.03396700000008,26.517499000000043],[119.03377400000011,26.517643000000078],[119.0336850000001,26.517680000000041],[119.03355800000008,26.517751000000032],[119.03339600000004,26.517925000000048],[119.0332810000001,26.518033000000059],[119.03317300000003,26.518056000000058],[119.03297100000009,26.518061000000046],[119.03285700000004,26.518072000000075],[119.03276200000005,26.518097000000068],[119.03268200000002,26.518117000000075],[119.03259400000002,26.518155000000036],[119.03252600000008,26.518184000000076],[119.03244000000007,26.518263000000047],[119.03217200000006,26.518498000000079],[119.03213900000003,26.518526000000065],[119.0319770000001,26.518702000000076],[119.03189500000008,26.518811000000028],[119.03167200000007,26.519000000000062],[119.03139700000008,26.519135000000063],[119.03131800000006,26.51918500000005],[119.03129500000011,26.519215000000031],[119.03127600000005,26.519287000000077],[119.03119000000004,26.519309000000078],[119.03105300000004,26.519354000000078],[119.03086100000007,26.519502000000045],[119.03066300000012,26.51960500000007],[119.03051100000005,26.519668000000024],[119.0304000000001,26.519708000000037],[119.03030400000011,26.519775000000038],[119.0301310000001,26.519886000000042],[119.02997200000004,26.519988000000069],[119.02977400000009,26.520095000000026],[119.0296790000001,26.52015700000004],[119.02964500000007,26.520173000000057],[119.02952700000003,26.520229000000029],[119.02932400000009,26.520415000000071],[119.02916600000003,26.520516000000043],[119.02903900000001,26.520611000000031],[119.02892600000007,26.520661000000075],[119.02885000000003,26.520700000000033],[119.02880500000003,26.520740000000046],[119.02867900000001,26.520835000000034],[119.02856400000007,26.520942000000048],[119.02845000000002,26.521038000000033],[119.02834300000006,26.521088000000077],[119.02823500000011,26.521206000000063],[119.02814000000001,26.52127900000005],[119.02803200000005,26.52132400000005],[119.02774600000009,26.521407000000067],[119.02771700000005,26.52141800000004],[119.02764100000002,26.521480000000054],[119.02740000000006,26.521637000000055],[119.02729900000008,26.521715000000029],[119.02710200000001,26.521850000000029],[119.02690500000006,26.521941000000027],[119.02666600000009,26.522051000000033],[119.02629400000001,26.522154000000057],[119.02627100000007,26.522156000000052],[119.0261210000001,26.522225000000049],[119.02593100000001,26.522295000000042],[119.02588400000002,26.522328000000073],[119.02573200000006,26.522432000000038],[119.02559700000006,26.522541000000047],[119.02553200000011,26.52265600000004],[119.02547400000003,26.522763000000054],[119.02545700000007,26.52280200000007],[119.02542400000004,26.522710000000075],[119.02543400000002,26.522654000000045],[119.02544200000011,26.522612000000038],[119.02541500000007,26.522539000000052],[119.02530000000002,26.522411000000034],[119.02529700000002,26.522397000000069],[119.02528600000005,26.522351000000072],[119.02530100000001,26.522259000000076],[119.02541600000006,26.521944000000076],[119.02542000000005,26.521867000000043],[119.02537100000006,26.52181900000005],[119.0253120000001,26.521800000000042],[119.02525900000001,26.521813000000066],[119.02512400000001,26.521928000000059],[119.02500600000008,26.521997000000056],[119.02491100000009,26.522038000000066],[119.02477700000009,26.522096000000033],[119.02468700000009,26.522110000000055],[119.02453100000002,26.522129000000064],[119.02432400000009,26.522123000000079],[119.02411300000006,26.521986000000027],[119.02405300000009,26.521910000000048],[119.02402000000006,26.521790000000067],[119.0239600000001,26.521659000000056],[119.02387900000008,26.521525000000054],[119.02382900000009,26.521395000000041],[119.02379199900008,26.521266000000026],[119.0237800000001,26.521188000000052],[119.02384400000005,26.521160000000066],[119.02389400000004,26.521272000000067],[119.02396400000009,26.521370000000047],[119.02401500000008,26.521351000000038],[119.02402500000005,26.521276000000057],[119.02399100000002,26.521146000000044],[119.02403300000003,26.520971000000031],[119.02420700000005,26.520710000000065],[119.02424300000007,26.520642000000066],[119.02422200000001,26.520533000000057],[119.02415600000006,26.520392000000072],[119.02414300000009,26.520144000000073],[119.02424800000006,26.52016100000003],[119.02427000000012,26.520165000000077],[119.02437300000008,26.520232000000078],[119.0244550000001,26.520260000000064],[119.02451500000006,26.520267000000047],[119.02456000000006,26.520260000000064],[119.02461000000005,26.520195000000058],[119.02464600000008,26.519948000000056],[119.02462500000001,26.519826000000023],[119.02464700000007,26.519651000000067],[119.02472100000011,26.519624000000078],[119.02474400000006,26.519629000000066],[119.02479600000004,26.519638000000043],[119.0250850000001,26.519821000000036],[119.02512900000011,26.51987500000007],[119.02522600000009,26.519910000000039],[119.02530800000011,26.51992400000006],[119.02542000000005,26.519904000000054],[119.02536900000007,26.519960000000026],[119.02548700000011,26.519864000000041],[119.02558500000009,26.519711000000029],[119.02551200000005,26.519603000000075],[119.02535000000012,26.519347000000039],[119.02519400000006,26.519252000000051],[119.02514300000007,26.519158000000061],[119.02512100000001,26.519057000000032],[119.02516700000001,26.518950000000075],[119.0252660000001,26.518908000000067],[119.02533900000003,26.518877000000032],[119.02558500000009,26.518838000000073],[119.02590600000008,26.518764000000033],[119.0262570000001,26.518656000000078],[119.02662100000009,26.518555000000049],[119.02681100000007,26.518485000000055],[119.02717800000005,26.518206000000077],[119.02732600000002,26.518106000000046],[119.02759900000001,26.518058000000053],[119.02762400000006,26.518054000000063],[119.02779200000009,26.518064000000038],[119.02793100000008,26.518056000000058],[119.02806100000009,26.518033000000059],[119.02809900000011,26.518026000000077],[119.02811200000008,26.517987000000062],[119.02818100000002,26.517755000000079],[119.02816700000005,26.517656000000045],[119.02817800000003,26.517545000000041],[119.0281930000001,26.517447000000061],[119.02818400000001,26.517385000000047],[119.02817000000005,26.517340000000047],[119.02817300000004,26.517314000000056],[119.02800600000012,26.517173000000071],[119.02798200000007,26.517155000000059],[119.02788400000009,26.517111000000057],[119.02780600000006,26.517059000000074],[119.0277430000001,26.516950000000065],[119.02772800000002,26.516884000000061],[119.02772300000004,26.516861000000063],[119.02773000000002,26.516803000000039],[119.02777300000002,26.51677200000006],[119.02784400000007,26.516759000000036],[119.02797100000009,26.516811000000075],[119.02815300000009,26.516894000000036],[119.02825400000006,26.516934000000049],[119.02836800000011,26.516935000000046],[119.02844600000003,26.516917000000035],[119.02847500000007,26.516872000000035],[119.02847500000007,26.516834000000074],[119.02844700000003,26.516783000000032],[119.02844700000003,26.516738000000032],[119.0284620000001,26.516713000000038],[119.02850400000011,26.516700000000071],[119.02856100000008,26.516700000000071],[119.02860400000009,26.516688000000045],[119.02868200000012,26.51668200000006],[119.02872500000001,26.516663000000051],[119.02875300000005,26.516625000000033],[119.02876100000003,26.516581000000031],[119.0287330000001,26.516510000000039],[119.02867000000003,26.516452000000072],[119.02857100000006,26.516407000000072],[119.02848600000004,26.516349000000048],[119.02845100000002,26.516291000000024],[119.02844500000003,26.516215000000045],[119.02848100000006,26.516157000000078],[119.0285520000001,26.516139000000067],[119.0286440000001,26.516139000000067],[119.02871500000003,26.516146000000049],[119.02878600000008,26.51616000000007],[119.02887100000009,26.516154000000029],[119.02903400000002,26.516104000000041],[119.02911300000005,26.516060000000039],[119.02914800000008,26.516028000000063],[119.02915600000006,26.515983000000062],[119.02915600000006,26.515920000000051],[119.0291850000001,26.515856000000042],[119.02923500000009,26.515824000000066],[119.02931300000012,26.515831000000048],[119.02939800000001,26.51585700000004],[119.02947600000005,26.515903000000037],[119.02951800000005,26.515948000000037],[119.02953200000002,26.516011000000049],[119.0295450000001,26.516120000000058],[119.02949400000011,26.516247000000078],[119.02943700000003,26.516304000000048],[119.0292730000001,26.516418000000044],[119.02926600000001,26.516437000000053],[119.02926500000001,26.516475000000071],[119.02929300000005,26.516514000000029],[119.02944200000002,26.51654700000006],[119.02957000000004,26.516541000000075],[119.0297260000001,26.516530000000046],[119.02983300000005,26.516492000000028],[119.0298580000001,26.516472000000078],[119.02989700000001,26.51644200000004],[119.0299040000001,26.516410000000064],[119.02988800000003,26.516367000000059],[119.02985500000011,26.516334000000029],[119.02970800000003,26.51617200000004],[119.02968300000009,26.516130000000032],[119.0296360000001,26.516054000000054],[119.02960400000006,26.515880000000038],[119.02959500000009,26.515748000000031],[119.02962500000001,26.515541000000042],[119.02966900000001,26.515340000000037],[119.02971900000011,26.515171000000066],[119.0297690000001,26.515058000000067],[119.02982500000007,26.514995000000056],[119.0298610000001,26.514889000000039],[119.02985400000011,26.514851000000078],[119.02983300000005,26.51482100000004],[119.02971800000012,26.514665000000036],[119.02970400000004,26.514546000000053],[119.0296780000001,26.514401000000078],[119.02967300000012,26.514376000000027],[119.02969100000007,26.514245000000074],[119.02976000000001,26.514169000000038],[119.0298580000001,26.514077000000043],[119.02977700000008,26.513956000000064],[119.02976400000011,26.513883000000078],[119.02977500000009,26.51371400000005],[119.02979800000003,26.513613000000078],[119.02983200000006,26.513553000000059],[119.02987500000006,26.513475000000028],[119.02992100000006,26.513289000000043],[119.03001300000005,26.513044000000036],[119.03015100000005,26.512815000000046],[119.03047700000002,26.512479000000042]]]},"properties":{"OBJECTID":2,"villageNam":"赤坑村与溪坪村争议地","streetName":"廷坪乡","flag":0,"Shape_Leng":4397.9190846800002,"MEAN_dist_":0,"MEAN_dist1":0,"MEAN_dis_1":0,"MEAN_dis_2":0,"VC_N":0,"Town_N":0,"Road_N":0,"Med_N":0,"居民占":0,"Exp_Vill":0,"ExpV_N":0,"Den_N":0,"Occ_N":0,"居民_1":0,"Exp_Vill_F":0,"Shape_Length":0.041988532578111623,"Shape_Area":4.4059678603566304e-05}},{"type":"Feature","id":3,"geometry":{"type":"Polygon","coordinates":[[[119.07083300000011,26.535867000000053],[119.07083300000011,26.535766000000024],[119.07084400000008,26.535682000000065],[119.07092900000009,26.535522000000071],[119.07095500000003,26.535437000000059],[119.07118300000002,26.535313000000031],[119.07126600000004,26.535295000000076],[119.07134800000006,26.535295000000076],[119.07148300000006,26.535323000000062],[119.07157300000006,26.535383000000024],[119.07181600000001,26.535421000000042],[119.07194600000003,26.535421000000042],[119.07213000000002,26.535445000000038],[119.07236400000011,26.535451000000023],[119.07257800000002,26.535403000000031],[119.07269300000007,26.535408000000075],[119.07293700000002,26.535401000000036],[119.07306100000005,26.535411000000067],[119.07317100000012,26.535398000000043],[119.07324500000004,26.535412000000065],[119.07337900000005,26.535485000000051],[119.07338800000002,26.535505000000057],[119.07343800000001,26.535619000000054],[119.07351900000003,26.535615000000064],[119.07365200000004,26.535607000000027],[119.07370700000001,26.535652000000027],[119.0737610000001,26.535760000000039],[119.07380000000001,26.535828000000038],[119.0738090000001,26.53586800000005],[119.07382900000005,26.535886000000062],[119.07388400000002,26.535909000000061],[119.07391900000005,26.535909000000061],[119.07399800000007,26.535932000000059],[119.07413800000006,26.535919000000035],[119.07417700000008,26.53592100000003],[119.07424200000003,26.535925000000077],[119.07432100000005,26.535914000000048],[119.07447200000001,26.535897000000034],[119.07463000000007,26.535900000000026],[119.07467100000008,26.535912000000053],[119.07467600000007,26.535914000000048],[119.07471400000009,26.535991000000024],[119.07476100000008,26.536038000000076],[119.07471200000009,26.536220000000071],[119.07487000000003,26.536398000000077],[119.07505900000001,26.53652500000004],[119.07516100000009,26.536578000000077],[119.07519200000002,26.536681000000044],[119.07517700000005,26.536927000000048],[119.07518900000002,26.536961000000076],[119.07520100000011,26.536970000000053],[119.07532200000003,26.537059000000056],[119.07536600000003,26.537179000000037],[119.07545900000002,26.537380000000041],[119.07551600000011,26.537455000000023],[119.07556000000011,26.537524000000076],[119.07558500000005,26.537621000000058],[119.07562800000005,26.537683000000072],[119.0756540000001,26.537719000000038],[119.07579900000007,26.53782300000006],[119.07589900000005,26.537860000000023],[119.07603600000004,26.537927000000025],[119.07617100000004,26.538004000000058],[119.07626400000004,26.538036000000034],[119.07640700000002,26.538113000000067],[119.07661000000007,26.538198000000023],[119.07666900000004,26.538256000000047],[119.07672400000001,26.538309000000027],[119.07687500000009,26.538499000000058],[119.07697600000006,26.538602000000026],[119.07701300000008,26.538654000000065],[119.07707600000003,26.538723000000061],[119.07720300000005,26.538770000000056],[119.07736800000009,26.538879000000065],[119.07755700000007,26.539041000000054],[119.07758000000001,26.539049000000034],[119.07768400000009,26.539087000000052],[119.07775900000001,26.539179000000047],[119.07775900000001,26.53921900000006],[119.07779700000003,26.53930500000007],[119.07787500000006,26.539421000000061],[119.07799300000011,26.539577000000065],[119.07809800000007,26.539682000000028],[119.07843100000002,26.539926000000037],[119.07854000000009,26.540022000000079],[119.07867900000008,26.540198000000032],[119.07883100000004,26.540403000000026],[119.07911400000012,26.540664000000049],[119.07916100000011,26.540765000000079],[119.07917800000007,26.540868000000046],[119.07916000000012,26.541003000000046],[119.0791650000001,26.541082000000074],[119.07920300000001,26.541154000000063],[119.07927200000006,26.541342000000043],[119.07933400000002,26.541445000000067],[119.07938500000012,26.541502000000037],[119.07945300000006,26.541554000000076],[119.07945400000006,26.541626000000065],[119.0794370000001,26.541839000000039],[119.07937100000004,26.542284000000052],[119.07936800000004,26.542360000000031],[119.07936300000006,26.542447000000038],[119.07943200000011,26.542579000000046],[119.07946000000004,26.542648000000042],[119.07951600000001,26.542888000000062],[119.07950700000004,26.543005000000051],[119.0794830000001,26.543111000000067],[119.07945400000006,26.543171000000029],[119.07943100000011,26.543217000000027],[119.07926400000008,26.54339600000003],[119.07918600000005,26.543484000000035],[119.07910800000002,26.54357200000004],[119.07906800000001,26.543678000000057],[119.0790750000001,26.54380100000003],[119.07909400000005,26.543915000000027],[119.07913600000006,26.544011000000069],[119.07914000000005,26.544021000000043],[119.07915100000002,26.544159000000036],[119.07909600000005,26.544282000000067],[119.07908700000007,26.544388000000026],[119.07906300000002,26.544522000000029],[119.07897900000012,26.544712000000061],[119.07890000000009,26.544850000000054],[119.0786270000001,26.545393000000047],[119.07857100000001,26.545495000000074],[119.07856299900004,26.545551000000046],[119.07858600000009,26.545597000000043],[119.07864800000004,26.545682000000056],[119.07865200000003,26.545750000000055],[119.07862000000011,26.545848000000035],[119.07852100000002,26.546007000000031],[119.07847400000003,26.54606700000005],[119.07846100000006,26.546123000000023],[119.07847700000002,26.54617600000006],[119.07853100000011,26.546205000000043],[119.0786250000001,26.546233000000029],[119.07870000000003,26.546280000000024],[119.07873100000006,26.546333000000061],[119.07873400000005,26.546393000000023],[119.07869700000003,26.546562000000051],[119.07869400000004,26.546580000000063],[119.07859500000006,26.546730000000025],[119.07846900000004,26.546877000000052],[119.07831300000009,26.546984000000066],[119.07827000000009,26.547011000000055],[119.07825100000002,26.547023000000024],[119.07815200000005,26.547188000000062],[119.07812100000001,26.547308000000044],[119.07794800000011,26.547417000000053],[119.07785800000011,26.547453000000075],[119.07774300000005,26.547445000000039],[119.07748100000003,26.547444000000041],[119.07752100000005,26.547584000000029],[119.07757000000004,26.547621000000049],[119.07760900000005,26.547734000000048],[119.07756900100003,26.547794000000067],[119.07754900000009,26.547854000000029],[119.07755200000008,26.547983000000045],[119.07756500000005,26.548121000000037],[119.07753400000001,26.548192000000029],[119.07749400000012,26.548257000000035],[119.07736200000011,26.54839000000004],[119.07729100000006,26.548366000000044],[119.07719000000009,26.548322000000041],[119.07710500000007,26.548336000000063],[119.07722500000011,26.548601000000076],[119.0772300000001,26.548649000000069],[119.07723500000009,26.548793000000046],[119.07720200000006,26.548923000000059],[119.07716300000004,26.549019000000044],[119.07706100000007,26.549148000000059],[119.07697500000006,26.549215000000061],[119.07672600000001,26.549340000000029],[119.0765090000001,26.549370000000067],[119.07644400000004,26.549394000000063],[119.07633600000008,26.549457000000075],[119.07631200000003,26.549545000000023],[119.07631900000001,26.549697000000037],[119.07631500000002,26.549817000000075],[119.0763280000001,26.549951000000078],[119.07636800000012,26.549987000000044],[119.07643900000005,26.549980000000062],[119.0766000000001,26.549871000000053],[119.07676800000002,26.54965100000004],[119.07689800000003,26.549517000000037],[119.07698900000003,26.549392000000068],[119.07711300000005,26.549288000000047],[119.07746600000007,26.549309000000051],[119.07765000000006,26.549345000000073],[119.07773600000007,26.549342000000024],[119.07779500000004,26.549314000000038],[119.07784200000003,26.549300000000073],[119.07793700000002,26.549293000000034],[119.07809300000008,26.549290000000042],[119.07814100000007,26.549241000000052],[119.07819600000005,26.549117000000024],[119.07823600000006,26.549046000000033],[119.07825600000001,26.549012000000062],[119.07840900000008,26.548885000000041],[119.07852800000001,26.548748000000046],[119.07856000000004,26.548621000000026],[119.07856900000002,26.548426000000063],[119.07858500000009,26.54834500000004],[119.07861700000001,26.548278000000039],[119.07891600000005,26.548032000000035],[119.07905000000005,26.547948000000076],[119.07913600000006,26.547938000000045],[119.07919900000002,26.547959000000048],[119.07926500000008,26.548058000000026],[119.07929199900002,26.54815700000006],[119.07929900000011,26.548316000000057],[119.07926100000009,26.548733000000027],[119.07926000000009,26.548846000000026],[119.07931700000006,26.54912500000006],[119.07936700000005,26.549284000000057],[119.07952200000011,26.549528000000066],[119.07961200000011,26.549702000000025],[119.07978400000002,26.549873000000048],[119.07982800000002,26.549929000000077],[119.0798880000001,26.549989000000039],[119.07994600000006,26.550194000000033],[119.07995400000004,26.55034900000004],[119.07995600000004,26.550392000000045],[119.07990000000007,26.550526000000048],[119.07985000000008,26.550581000000079],[119.07977800000003,26.55066000000005],[119.07972300000006,26.550755000000038],[119.07971300000008,26.550805000000025],[119.07969800000001,26.550885000000051],[119.07971000000009,26.550960000000032],[119.07972800000005,26.550983000000031],[119.07976800000006,26.551037000000065],[119.07985800000006,26.551130000000057],[119.07988900000009,26.551176000000055],[119.07989200000009,26.551356000000055],[119.0799300000001,26.551669000000061],[119.07995400000004,26.551950000000033],[119.07995300000005,26.55214200000006],[119.0799330000001,26.552342000000067],[119.07980700000007,26.552606000000026],[119.07975500000009,26.552699000000075],[119.07959500000004,26.552260000000047],[119.07927700000005,26.55192900000003],[119.07902000000001,26.551783000000057],[119.0788960000001,26.551718000000051],[119.07879800000001,26.551678000000038],[119.07833500000004,26.55164300000007],[119.07812000000001,26.551583000000051],[119.07793500100001,26.551499000000035],[119.07761500000004,26.551330000000064],[119.07745200000011,26.551265000000058],[119.07728900000006,26.551155000000051],[119.07697100000007,26.550840000000051],[119.0768230000001,26.550721000000067],[119.07671000000005,26.550577000000033],[119.07660300000009,26.550473000000068],[119.07647300000008,26.550339000000065],[119.07631400000002,26.550189000000046],[119.07622900000001,26.550117000000057],[119.07615600000008,26.549947000000031],[119.07608900000002,26.549854000000039],[119.0760160000001,26.549715000000049],[119.07590400000004,26.549392000000068],[119.07585500000005,26.549293000000034],[119.07571600000006,26.548955000000035],[119.07563000000005,26.548824000000025],[119.07545400000004,26.548702000000048],[119.07530500000007,26.548663000000033],[119.07520000000011,26.548567000000048],[119.07511100000011,26.548501000000044],[119.07491700000003,26.548367000000042],[119.07471400000009,26.548239000000024],[119.0745270000001,26.548092000000054],[119.07443100000012,26.548004000000049],[119.07438700000012,26.547937000000047],[119.07438200000001,26.547930000000065],[119.07438700000012,26.547868000000051],[119.07438800000011,26.547862000000066],[119.07442900000001,26.547820000000058],[119.07451000000003,26.54779300000007],[119.07466700000009,26.547811000000024],[119.07482400000004,26.547774000000061],[119.07492300000001,26.547711000000049],[119.07501600000001,26.547616000000062],[119.07507300000009,26.547540000000026],[119.07508100000007,26.547476000000074],[119.07490600000006,26.547469000000035],[119.0747550000001,26.547423000000038],[119.07470600000011,26.547423000000038],[119.07462700000008,26.547383000000025],[119.0745750000001,26.54733600000003],[119.07458800000006,26.547239000000047],[119.07462900000007,26.54715200000004],[119.07469900000001,26.547083000000043],[119.07486300000005,26.546989000000053],[119.07490500000006,26.546931000000029],[119.07498800000008,26.546815000000038],[119.07507700000008,26.546744000000047],[119.07513100000006,26.54657700000007],[119.07506200000012,26.546434000000033],[119.07502700000009,26.546402000000057],[119.07497400000011,26.546369000000027],[119.07494800000006,26.546202000000051],[119.07494600000007,26.546140000000037],[119.07501600000001,26.54597700000005],[119.07509600000003,26.545767000000069],[119.07514900000001,26.545651000000078],[119.07523700000002,26.545418000000041],[119.07533300000011,26.545286000000033],[119.07546400000001,26.545225000000073],[119.07546700000012,26.545218000000034],[119.07558600000004,26.545016000000032],[119.07559700000002,26.54496000000006],[119.07561400000009,26.544910000000073],[119.07565700000009,26.54477600000007],[119.07569400000011,26.544588000000033],[119.07567700000004,26.544503000000077],[119.07567800000004,26.54440100000005],[119.07566200000008,26.544287000000054],[119.07561900000007,26.544227000000035],[119.07559200000003,26.544125000000065],[119.07559500000002,26.54400000000004],[119.07563700000003,26.543884000000048],[119.07573700000012,26.543782000000078],[119.07597600000008,26.543599000000029],[119.07604900000001,26.543537000000072],[119.07609100000002,26.543502000000046],[119.07627000000002,26.54335100000003],[119.07643800000005,26.543255000000045],[119.07662400000004,26.543171000000029],[119.07676500000002,26.543100000000038],[119.07691100000011,26.543068000000062],[119.07716200000004,26.543061000000023],[119.07743300000004,26.543045000000063],[119.07791300000008,26.542975000000069],[119.07810100000006,26.542953000000068],[119.07833300000004,26.542916000000048],[119.07853800000009,26.542853000000036],[119.07864900000004,26.54277600000006],[119.07872900000007,26.542674000000034],[119.07875800000011,26.542553000000055],[119.07877300000007,26.542354000000046],[119.07877300000007,26.542209000000071],[119.07875200000001,26.542112000000031],[119.07866500000011,26.54195500000003],[119.07856900000002,26.541841000000034],[119.07845100000009,26.541731000000027],[119.07837700000005,26.541683000000035],[119.07824500000004,26.541627000000062],[119.07823900000005,26.54162400000007],[119.07804900000008,26.541417000000024],[119.07798100000002,26.541329000000076],[119.07783200000006,26.541136000000051],[119.07771000000002,26.540937000000042],[119.07756100000006,26.540772000000061],[119.07740400000012,26.540665000000047],[119.0772310000001,26.540613000000064],[119.07705200000009,26.540615000000059],[119.0768690000001,26.540606000000025],[119.07656900000006,26.540523000000064],[119.0763760000001,26.540449000000024],[119.07635700000003,26.540442000000041],[119.07633400000009,26.540434000000062],[119.07612200000005,26.54031800000007],[119.07590600000003,26.540190000000052],[119.07571700000005,26.540076000000056],[119.07559900000001,26.539985000000058],[119.0755170000001,26.539899000000048],[119.07545600000003,26.53976300000005],[119.07541800000001,26.539613000000031],[119.07535800000005,26.539531000000068],[119.07530200000008,26.539455000000032],[119.07528100000002,26.539365000000032],[119.07521800000006,26.539275000000032],[119.07515400000011,26.539230000000032],[119.07496300000003,26.539120000000025],[119.07486400000005,26.539074000000028],[119.07476500000007,26.539016000000061],[119.07467200000008,26.53897100000006],[119.07446700000003,26.538873000000024],[119.07433200000003,26.538789000000065],[119.07414200000005,26.538609000000065],[119.07388800000001,26.538345000000049],[119.07366900000011,26.538088000000073],[119.07348700000011,26.537839000000076],[119.07336600000008,26.537765000000036],[119.07327100000009,26.537670000000048],[119.07317500000011,26.537582000000043],[119.07307300000002,26.537489000000051],[119.07287300000007,26.537326000000064],[119.07277900000008,26.53726000000006],[119.07257300000003,26.537115000000028],[119.0722770000001,26.536901000000057],[119.0721860000001,26.536831000000063],[119.07199600000001,26.536666000000025],[119.07179700000006,26.536527000000035],[119.07149500000003,26.536352000000079],[119.07130500000005,26.536256000000037],[119.07112600000005,26.536117000000047],[119.07094700000005,26.536016000000075],[119.07089000000008,26.535983000000044],[119.0708360000001,26.535898000000032],[119.07083300000011,26.535867000000053]]]},"properties":{"OBJECTID":3,"villageNam":"西坑村与文山岗村争议","streetName":"廷坪乡","flag":0,"Shape_Leng":6305.2970442200003,"MEAN_dist_":0,"MEAN_dist1":0,"MEAN_dis_1":0,"MEAN_dis_2":0,"VC_N":0,"Town_N":0,"Road_N":0,"Med_N":0,"居民占":0,"Exp_Vill":0,"ExpV_N":0,"Den_N":0,"Occ_N":0,"居民_1":0,"Exp_Vill_F":0,"Shape_Length":0.059739398123880363,"Shape_Area":4.4766179753614003e-05}},{"type":"Feature","id":4,"geometry":{"type":"Polygon","coordinates":[[[119.02375300000006,26.496992000000034],[119.02367500000003,26.497110000000077],[119.02363300000002,26.497147000000041],[119.02353500000004,26.49721900000003],[119.02343700000006,26.497280000000046],[119.02329900000007,26.497394000000043],[119.02326300000004,26.497412000000054],[119.02313100000003,26.49748100000005],[119.02306300000009,26.497510000000034],[119.02300400000001,26.497535000000028],[119.02286600000002,26.497594000000049],[119.02241300000003,26.497846000000038],[119.02221600000007,26.497977000000049],[119.02218000000005,26.497981000000038],[119.02194100000008,26.498010000000079],[119.02191200000004,26.498049000000037],[119.02184200000011,26.49814200000003],[119.02158600000007,26.498308000000065],[119.02142900000001,26.498333000000059],[119.02116000000001,26.498422000000062],[119.02100800000005,26.498524000000032],[119.02090500000008,26.498540000000048],[119.02084300000001,26.498523000000034],[119.02078600000004,26.498513000000059],[119.02072300000009,26.498523000000034],[119.02063100000009,26.498604000000057],[119.02051000000006,26.498773000000028],[119.02039800000011,26.49891400000007],[119.02034600000002,26.498924000000045],[119.02028400000006,26.498921000000053],[119.02024900000004,26.498911000000078],[119.02018400000009,26.498851000000059],[119.02010800000005,26.498764000000051],[119.02005600000007,26.498753000000079],[119.01998200000003,26.498771000000033],[119.01990500000011,26.498845000000074],[119.01976700000012,26.498911000000078],[119.01970400000005,26.498921000000053],[119.01965800000005,26.498979000000077],[119.01955100000009,26.499114000000077],[119.01955800000007,26.499176000000034],[119.01952100000005,26.499172000000044],[119.01948300000004,26.499185000000068],[119.01942000000008,26.499185000000068],[119.01935700000001,26.499163000000067],[119.01927500000011,26.499153000000035],[119.0191890000001,26.499118000000067],[119.01905900000008,26.499043000000029],[119.01895300000001,26.499003000000073],[119.01869700000009,26.498993000000041],[119.01857700000005,26.498966000000053],[119.01849000000004,26.498913000000073],[119.01844700000004,26.498896000000059],[119.01841800000011,26.498891000000071],[119.01838900000007,26.498904000000039],[119.01835000000005,26.498904000000039],[119.01832200000001,26.498890000000074],[119.01821100000006,26.498868000000073],[119.01813400000003,26.498846000000071],[119.0179700000001,26.498819000000026],[119.01789700000006,26.498818000000028],[119.01783900000009,26.498809000000051],[119.01773800000001,26.498778000000073],[119.01757400000008,26.49873800000006],[119.0174780000001,26.498685000000023],[119.0173870000001,26.498619000000076],[119.01731500000005,26.498579000000063],[119.01723800000002,26.498557000000062],[119.01717100000008,26.498544000000038],[119.01710300000002,26.498539000000051],[119.01707400000009,26.498526000000027],[119.01704100000006,26.498491000000058],[119.0170260000001,26.498447000000056],[119.01705100000004,26.498356000000058],[119.01705200000004,26.498295000000041],[119.01700500000004,26.498186000000032],[119.01698600000009,26.498121000000026],[119.01698700000009,26.498004000000037],[119.01695800000005,26.497951000000057],[119.01689600000009,26.497903000000065],[119.01677600000005,26.497828000000027],[119.01667500000008,26.497797000000048],[119.01660700000002,26.497797000000048],[119.0165770000001,26.497789000000068],[119.0165760000001,26.497775000000047],[119.01649500000008,26.497640000000047],[119.01648300000011,26.49752600000005],[119.01646500000004,26.497456000000057],[119.01640300000008,26.497362000000066],[119.01635300000009,26.497317000000066],[119.01626800000008,26.497280000000046],[119.01600100000007,26.497249000000068],[119.01591500000006,26.497136000000069],[119.01583600000004,26.497013000000038],[119.01576900000009,26.49698200000006],[119.01565600000004,26.496976000000075],[119.01556400000004,26.496949000000029],[119.01544500000011,26.496925000000033],[119.01538000000005,26.496955000000071],[119.01530100000002,26.497026000000062],[119.01515700000004,26.497154000000023],[119.01497600000005,26.497259000000042],[119.01479600000005,26.497312000000079],[119.01425000000006,26.497422000000029],[119.01402100000007,26.497461000000044],[119.01392300000009,26.497484000000043],[119.01371000000006,26.497536000000025],[119.01345800000001,26.49762400000003],[119.01325500000007,26.497726000000057],[119.01306900000009,26.497833000000071],[119.01282800000001,26.497929000000056],[119.01250900000002,26.498010000000079],[119.01234100000011,26.498074000000031],[119.01208600000007,26.49822000000006],[119.01184200000012,26.498383000000047],[119.01160900000002,26.498559000000057],[119.01158500000008,26.498572000000024],[119.01156700000001,26.498535000000061],[119.01155000000006,26.498500000000035],[119.0115320000001,26.498465000000067],[119.01151300000004,26.498431000000039],[119.01149700000008,26.498395000000073],[119.01148300000011,26.498358000000053],[119.01147600000002,26.498325000000023],[119.01147500000002,26.49832200000003],[119.01149500000008,26.498289000000057],[119.01152700000011,26.498263000000065],[119.01156100000003,26.498240000000067],[119.01159800000005,26.49822000000006],[119.01163400000007,26.498200000000054],[119.01167000000009,26.49817900000005],[119.01170700000011,26.498159000000044],[119.01174400000002,26.498140000000035],[119.01178200000004,26.498123000000078],[119.01182200000005,26.498108000000059],[119.01186100000007,26.498094000000037],[119.01190100000008,26.498078000000078],[119.0119400000001,26.498063000000059],[119.01197800000011,26.498045000000047],[119.01201300000002,26.498023000000046],[119.01204700000005,26.498000000000047],[119.01208300000008,26.497979000000043],[119.0121190000001,26.497959000000037],[119.01215700000012,26.497940000000028],[119.01219400000002,26.497921000000076],[119.01223100000004,26.497902000000067],[119.01226800000006,26.497882000000061],[119.01230400000009,26.497862000000055],[119.01234100000011,26.497842000000048],[119.01237800000001,26.497822000000042],[119.01241400000004,26.497802000000036],[119.01245100000006,26.497783000000027],[119.01248800000008,26.497764000000075],[119.0125250000001,26.497745000000066],[119.01256300000011,26.497726000000057],[119.01260000000002,26.497707000000048],[119.01263800000004,26.497689000000037],[119.01267600000006,26.497670000000028],[119.01271300000008,26.497652000000073],[119.01275100000009,26.497633000000064],[119.01278800000011,26.497615000000053],[119.01282500000002,26.497595000000047],[119.01286200000004,26.497576000000038],[119.01289900000006,26.497557000000029],[119.01293600000008,26.497538000000077],[119.0129730000001,26.497519000000068],[119.01301000000001,26.497499000000062],[119.01304700000003,26.497480000000053],[119.01308400000005,26.497460000000046],[119.01312100000007,26.497441000000038],[119.01315800000009,26.497421000000031],[119.01319500000011,26.497402000000079],[119.01323200000002,26.49738300000007],[119.01326900000004,26.497364000000061],[119.01330700000005,26.497345000000053],[119.01334500000007,26.497327000000041],[119.01338300000009,26.497310000000027],[119.01342100000011,26.497292000000073],[119.01345900000001,26.497275000000059],[119.01349700000003,26.497257000000047],[119.01353500000005,26.497239000000036],[119.01357300000006,26.497221000000025],[119.01361100000008,26.49720300000007],[119.0136490000001,26.497185000000059],[119.01368600000001,26.497167000000047],[119.01377900000011,26.497114000000067],[119.01378100000011,26.497111000000075],[119.01379200000008,26.497093000000064],[119.01379600000007,26.497049000000061],[119.01380000000006,26.497016000000031],[119.01379700000007,26.496992000000034],[119.01376700000003,26.496968000000038],[119.01370800000007,26.496944000000042],[119.01365200000009,26.496916000000056],[119.0136060000001,26.496871000000056],[119.01355000000001,26.496835000000033],[119.01350400000001,26.496796000000074],[119.0134710000001,26.496766000000036],[119.01341500000001,26.49669700000004],[119.01336900000001,26.496628000000044],[119.01333700000009,26.496581000000049],[119.01323100000002,26.49646000000007],[119.01316500000007,26.496351000000061],[119.01311300000009,26.496250000000032],[119.01303500000006,26.496175000000051],[119.01299800000004,26.496119000000078],[119.01295300000004,26.496071000000029],[119.01290299900006,26.496037000000058],[119.01285000000007,26.496029000000078],[119.01274600000011,26.496028000000024],[119.01260200000002,26.496018000000049],[119.01248600000008,26.496007000000077],[119.01236900000004,26.495985000000076],[119.0122530000001,26.495967000000064],[119.01217900000006,26.495945000000063],[119.01205500000003,26.495899000000065],[119.0118930000001,26.495828000000074],[119.0118010000001,26.495771000000047],[119.01170100000002,26.495689000000027],[119.01159500000006,26.495564000000059],[119.01150000000007,26.495458000000042],[119.0114420000001,26.495376000000078],[119.01137400000005,26.495294000000058],[119.0113060000001,26.495130000000074],[119.01127500000007,26.495001000000059],[119.01123300000006,26.494953000000066],[119.01114200000006,26.49485500000003],[119.01101500000004,26.494796000000065],[119.01088300000004,26.494774000000064],[119.01077500000008,26.494744000000026],[119.0106310000001,26.494714000000045],[119.01051600000005,26.494706000000065],[119.01044400000001,26.494702000000075],[119.01039400000002,26.494702000000075],[119.01037600000006,26.494702000000075],[119.01028000000008,26.494697000000031],[119.01019900000006,26.494684000000063],[119.01019200000007,26.494680000000074],[119.01018500000009,26.494676000000027],[119.01015200000006,26.494660000000067],[119.01011800000003,26.494648000000041],[119.01008200000001,26.494638000000066],[119.0100450000001,26.494630000000029],[119.01000800000008,26.494624000000044],[119.00997100000006,26.494621000000052],[119.00993300000005,26.494621000000052],[119.00989700000002,26.494617000000062],[119.00986100000011,26.494608000000028],[119.00982600000009,26.494594000000063],[119.00979400000006,26.494577000000049],[119.00978100000009,26.494568000000072],[119.00977400000011,26.494563000000028],[119.00983300000007,26.494539000000032],[119.00991900000008,26.494505000000061],[119.00998200000004,26.494487000000049],[119.01029300000005,26.494412000000068],[119.01045600000009,26.49436600000007],[119.01055300000007,26.494351000000051],[119.01077000000009,26.494332000000043],[119.01092700000004,26.494312000000036],[119.01100500000007,26.494281000000058],[119.01109400000007,26.494223000000034],[119.01119400000005,26.494138000000078],[119.01132600000005,26.493998000000033],[119.01140900000007,26.493929000000037],[119.01154400000007,26.493850000000066],[119.01167000000009,26.493810000000053],[119.0118010000001,26.493815000000041],[119.01187800000002,26.493864000000031],[119.01194300000009,26.493921000000057],[119.01203100000009,26.494037000000048],[119.01207600000009,26.494142000000068],[119.01218100000006,26.494222000000036],[119.0123430000001,26.494267000000036],[119.0125680000001,26.494303000000059],[119.01276200000007,26.494310000000041],[119.01317000000006,26.49432100000007],[119.01330700000005,26.494368000000065],[119.01359400000001,26.494477000000074],[119.01392700000008,26.494635000000073],[119.01417400000003,26.494747000000075],[119.01441900000009,26.494871000000046],[119.01469200000008,26.494964000000039],[119.01488000000006,26.494988000000035],[119.01506600000005,26.494979000000058],[119.01519200000007,26.494948000000079],[119.01533800000004,26.494898000000035],[119.01552000000004,26.494868000000054],[119.01584000000003,26.494849000000045],[119.01602900000012,26.494852000000037],[119.01622800000007,26.494870000000049],[119.01633200000003,26.494885000000068],[119.01652100000001,26.494912000000056],[119.01673800000003,26.494935000000055],[119.01695000000007,26.494946000000027],[119.01709800000003,26.494972000000075],[119.01716900000008,26.495016000000078],[119.01732800000002,26.495094000000051],[119.01745100000005,26.495127000000025],[119.01748800000007,26.495129000000077],[119.01752800000008,26.495130000000074],[119.01767000000007,26.495123000000035],[119.0178350000001,26.495222000000069],[119.01796900000011,26.495276000000047],[119.0181510000001,26.495297000000051],[119.01859300000001,26.495415000000037],[119.01874100000009,26.495449000000065],[119.01901500000008,26.495457000000044],[119.01928300000009,26.495405000000062],[119.01937800000007,26.495369000000039],[119.01948700000003,26.495300000000043],[119.0195470000001,26.495226000000059],[119.01963300000011,26.495175000000074],[119.0197730000001,26.495189000000039],[119.01996900000006,26.495302000000038],[119.02016500000002,26.495401000000072],[119.02036700000008,26.495525000000043],[119.02056800000003,26.495682000000045],[119.02067600000009,26.495788000000061],[119.02077800000006,26.495952000000045],[119.0209420000001,26.496176000000048],[119.02101500000003,26.496261000000061],[119.02109800000005,26.496323000000075],[119.02151600000002,26.496466000000055],[119.0216640000001,26.496510000000058],[119.02221200000008,26.49659900000006],[119.02231000000006,26.496630000000039],[119.02243300000009,26.496678000000031],[119.02273800000012,26.496859000000029],[119.02289100000007,26.496903000000032],[119.02308500000004,26.496929000000023],[119.02348700000005,26.496941000000049],[119.02362400000004,26.496980000000065],[119.02370600000006,26.496988000000044],[119.02375300000006,26.496992000000034]]]},"properties":{"OBJECTID":4,"villageNam":"溪坪村与蕉溪村争议地","streetName":"廷坪乡","flag":0,"Shape_Leng":3886.0477320300001,"MEAN_dist_":0,"MEAN_dist1":0,"MEAN_dis_1":0,"MEAN_dis_2":0,"VC_N":0,"Town_N":0,"Road_N":0,"Med_N":0,"居民占":0,"Exp_Vill":0,"ExpV_N":0,"Den_N":0,"Occ_N":0,"居民_1":0,"Exp_Vill_F":0,"Shape_Length":0.037983627818996987,"Shape_Area":3.0918337020985383e-05}},{"type":"Feature","id":5,"geometry":{"type":"Polygon","coordinates":[[[119.02474200000006,26.465726000000075],[119.02451700000006,26.465838000000076],[119.02425200000005,26.465934000000061],[119.02399100000002,26.46604700000006],[119.02384200000006,26.466128000000026],[119.02381300000002,26.466144000000043],[119.02372200000002,26.466172000000029],[119.02363000000003,26.466209000000049],[119.02347500000008,26.466232000000048],[119.02329300000008,26.46623500000004],[119.02319300000011,26.466242000000022],[119.02295100000003,26.466315000000066],[119.0227910000001,26.466334000000074],[119.02263100000005,26.466386000000057],[119.02255800000012,26.466431000000057],[119.02231000000006,26.46670000000006],[119.02222800000004,26.466760000000079],[119.0220680000001,26.466813000000059],[119.02187600000002,26.466869000000031],[119.02165700000012,26.466941000000077],[119.02150200000005,26.466985000000079],[119.02131900000006,26.467070000000035],[119.02079800000001,26.467271000000039],[119.02062000000001,26.467335000000048],[119.02035000000001,26.467420000000061],[119.02020500000003,26.467419000000064],[119.0201330000001,26.467393000000072],[119.02001400000006,26.467344000000026],[119.01991900000007,26.467314000000044],[119.01980700000001,26.467303000000072],[119.01955100000009,26.467323000000079],[119.01930900000002,26.467316000000039],[119.01917500000002,26.467320000000029],[119.0190530000001,26.467352000000062],[119.01898600000004,26.46735700000005],[119.01890800000001,26.467351000000065],[119.01867100000004,26.467311000000052],[119.01860800000009,26.467306000000065],[119.01853100000005,26.467310000000055],[119.01844600000004,26.467342000000031],[119.01837300000011,26.467347000000075],[119.01819100000012,26.467330000000061],[119.01800900000001,26.467318000000034],[119.0178820000001,26.467344000000026],[119.01780900000006,26.467376000000058],[119.01773500000002,26.467409000000032],[119.01764300000002,26.467490000000055],[119.01761900000008,26.467528000000073],[119.01758800000005,26.467621000000065],[119.01758100000006,26.467708000000073],[119.01758600000005,26.467801000000065],[119.01755600000001,26.467869000000064],[119.01745900000003,26.467955000000075],[119.01736200000005,26.467996000000028],[119.0172530000001,26.468063000000029],[119.01715600000011,26.468098000000055],[119.01672900000005,26.468213000000048],[119.01663900000005,26.468212000000051],[119.01652800000011,26.46818600000006],[119.01642800000002,26.468155000000024],[119.01631400000008,26.468095000000062],[119.01605400000005,26.467909000000077],[119.01598000000001,26.467886000000078],[119.01588399900004,26.467885000000024],[119.01572500000009,26.46790100000004],[119.01561000000004,26.467925000000037],[119.01547900000003,26.467969000000039],[119.01533200000006,26.468007000000057],[119.01524200000006,26.468024000000071],[119.01519800000005,26.468027000000063],[119.01513300000011,26.468026000000066],[119.01510500000006,26.468006000000059],[119.01508400000012,26.467964000000052],[119.01502700000003,26.467773000000022],[119.01496600000007,26.467633000000035],[119.01493200000004,26.467543000000035],[119.01489500000002,26.467514000000051],[119.01490000000001,26.467441000000065],[119.01494100000002,26.467427000000043],[119.0149540000001,26.467369000000076],[119.01492300000007,26.467216000000064],[119.01483700000006,26.467034000000069],[119.01464600000008,26.466922000000068],[119.0145050000001,26.466849000000025],[119.01435900000001,26.466759000000025],[119.01427700000011,26.466684000000043],[119.01425500000005,26.46665100000007],[119.01416900000004,26.466477000000054],[119.01407800000004,26.466398000000027],[119.01394600000003,26.466336000000069],[119.01381300000003,26.466318000000058],[119.01354400000002,26.466230000000053],[119.01339399900007,26.466146000000037],[119.01335700000004,26.466109000000074],[119.01334100000008,26.466052000000047],[119.01330200000007,26.465980000000059],[119.01324000000011,26.465799000000061],[119.01319100000001,26.46572100000003],[119.01313700000003,26.465609000000029],[119.01311500000008,26.465543000000025],[119.01311200000009,26.46539400000006],[119.01312600000006,26.465283000000056],[119.01318700000002,26.465111000000036],[119.01322500000003,26.464945000000057],[119.01326800000004,26.464815000000044],[119.01326900000004,26.464600000000075],[119.01325600000007,26.464563000000055],[119.01320600000008,26.464554000000078],[119.01314100000002,26.464591000000041],[119.01304500000003,26.464665000000025],[119.0127950000001,26.464947000000052],[119.01267000000007,26.465054000000066],[119.01258800000005,26.465102000000059],[119.01239900000007,26.465167000000065],[119.01232100000004,26.465183000000025],[119.01224300000001,26.465191000000061],[119.01216000000011,26.465163000000075],[119.01210900000001,26.465103000000056],[119.01206700000012,26.464966000000061],[119.01206800000011,26.464834000000053],[119.01208800000006,26.464723000000049],[119.0121650000001,26.464604000000065],[119.01230800000008,26.464481000000035],[119.0124330000001,26.464350000000024],[119.01247600000011,26.464290000000062],[119.01250500000003,26.46420100000006],[119.01250999900003,26.464141000000041],[119.01248700000008,26.464060000000075],[119.01241200000004,26.463949000000071],[119.0123450000001,26.46387100000004],[119.01230400000009,26.463824000000045],[119.01211100000012,26.463678000000073],[119.01200300000005,26.463570000000061],[119.01186200000006,26.463420000000042],[119.01179600000012,26.463343000000066],[119.01175500000011,26.463257000000056],[119.01172300000007,26.463069000000075],[119.01172400000007,26.462979000000075],[119.01169800000002,26.462806000000057],[119.01161100000002,26.462623000000065],[119.01159300000006,26.462509000000068],[119.01159400000006,26.462429000000043],[119.01163900000006,26.462310000000059],[119.01165200000003,26.462297000000035],[119.01171000000011,26.462237000000073],[119.01177900000005,26.462135000000046],[119.01184200000012,26.462176000000056],[119.01190900000006,26.462215000000072],[119.01195400000006,26.462240000000065],[119.01200400000005,26.462260000000072],[119.01208300000008,26.462222000000054],[119.0124790000001,26.461954000000048],[119.01273900000001,26.461814000000061],[119.01301100000001,26.461674000000073],[119.01320600000008,26.461604000000023],[119.01342900000009,26.461489000000029],[119.01388900000006,26.461312000000078],[119.01409000000001,26.461301000000049],[119.01448900000003,26.461304000000041],[119.01471900000001,26.461440000000039],[119.01476100000002,26.461557000000028],[119.01466900000003,26.461675000000071],[119.01452500000005,26.461876000000075],[119.01442500000007,26.462073000000032],[119.01441000000011,26.462173000000064],[119.01440900000011,26.46229100000005],[119.01442900000006,26.462393000000077],[119.01447900000005,26.462487000000067],[119.01461900000004,26.462659000000031],[119.01506600000005,26.463117000000068],[119.01550600000007,26.463441000000046],[119.01572800000008,26.463624000000038],[119.01582900000005,26.463718000000028],[119.01593900000012,26.463797000000056],[119.0160340000001,26.463843000000054],[119.01615600000002,26.463910000000055],[119.01636700000006,26.464019000000064],[119.01670000000001,26.464318000000048],[119.01690800000006,26.464445000000069],[119.01730300000008,26.464661000000035],[119.01759800000002,26.464748000000043],[119.01777300000003,26.464824000000078],[119.01796100000001,26.464873000000068],[119.01819000000012,26.464883000000043],[119.01854200000002,26.464871000000073],[119.01892400000008,26.464873000000068],[119.01928200000009,26.464831000000061],[119.02030900000011,26.464587000000051],[119.02056600000003,26.464505000000031],[119.02107000000001,26.464446000000066],[119.02146200000004,26.464349000000027],[119.02165900000011,26.464285000000075],[119.02183200000002,26.464189000000033],[119.02200000000005,26.464043000000061],[119.02227000000005,26.463784000000032],[119.02246800000012,26.463611000000071],[119.02265900000009,26.463451000000077],[119.02277600000002,26.463390000000061],[119.02286500000002,26.463382000000024],[119.02295200000003,26.463425000000029],[119.02302300000008,26.463477000000069],[119.02326100000005,26.46360100000004],[119.02339700000005,26.463706000000059],[119.02360800000008,26.463940000000036],[119.02379800000006,26.464142000000038],[119.02392600000007,26.464189000000033],[119.02419400000008,26.464217000000076],[119.02424400000007,26.464217000000076],[119.02434000000005,26.464188000000036],[119.02444200000002,26.464121000000034],[119.02457900000002,26.464090000000056],[119.02468600000009,26.464098000000035],[119.02483500000005,26.464137000000051],[119.02504700000009,26.46415600000006],[119.0252230000001,26.464149000000077],[119.02535400000011,26.46415200000007],[119.02545200000009,26.464188000000036],[119.02555900000004,26.464274000000046],[119.0257160000001,26.464473000000055],[119.02599800000007,26.464772000000039],[119.02606000000003,26.464901000000054],[119.02609200000006,26.465033000000062],[119.02609700000005,26.465129000000047],[119.02609700000005,26.465245000000039],[119.02606600000001,26.465378000000044],[119.02602700000011,26.465437000000065],[119.02598400000011,26.465503000000069],[119.02594500000009,26.465507000000059],[119.02589900000009,26.465513000000044],[119.02588700000001,26.465480000000071],[119.02580200000011,26.465458000000069],[119.02579000000003,26.465440000000058],[119.02573600000005,26.465403000000038],[119.02565900000002,26.465378000000044],[119.02560000000005,26.465370000000064],[119.02548100000001,26.465369000000067],[119.0253130000001,26.465409000000079],[119.02514500000007,26.465499000000023],[119.02474200000006,26.465726000000075]]]},"properties":{"OBJECTID":5,"villageNam":"汶合村与罗桥村争议地","streetName":"廷坪乡","flag":0,"Shape_Leng":4128.65306667,"MEAN_dist_":0,"MEAN_dist1":0,"MEAN_dis_1":0,"MEAN_dis_2":0,"VC_N":0,"Town_N":0,"Road_N":0,"Med_N":0,"居民占":0,"Exp_Vill":0,"ExpV_N":0,"Den_N":0,"Occ_N":0,"居民_1":0,"Exp_Vill_F":0,"Shape_Length":0.039912983755446142,"Shape_Area":4.2474241123461591e-05}},{"type":"Feature","id":6,"geometry":{"type":"Polygon","coordinates":[[[119.04201500000011,26.459987000000069],[119.04191300000002,26.459983000000022],[119.04178500000012,26.459970000000055],[119.0414760000001,26.459958000000029],[119.04121300000008,26.460028000000023],[119.04101100000003,26.460163000000023],[119.04092100000003,26.460223000000042],[119.04084300000011,26.460266000000047],[119.04068300000006,26.460373000000061],[119.04063000000008,26.460432000000026],[119.0405750000001,26.460611000000029],[119.0405330000001,26.460795000000076],[119.04052200000001,26.46053900000004],[119.04059100000006,26.460229000000027],[119.04061900000011,26.460133000000042],[119.04068600000005,26.459978000000035],[119.04082100000005,26.459848000000079],[119.04099000000008,26.45964900000007],[119.04110000000003,26.459545000000048],[119.04128900000001,26.459432000000049],[119.04133100000001,26.459297000000049],[119.04135500000007,26.459167000000036],[119.04135200000007,26.459055000000035],[119.04128300000002,26.458932000000061],[119.04121700000007,26.458879000000024],[119.04083900000001,26.458768000000077],[119.04076800000007,26.458727000000067],[119.04075300000011,26.458719000000031],[119.04072600000006,26.458690000000047],[119.04070700000011,26.458652000000029],[119.0406650000001,26.458480000000066],[119.04059100000006,26.458395000000053],[119.04047700000001,26.458345000000065],[119.04036000000008,26.458294000000024],[119.0403530000001,26.458291000000031],[119.04031400000008,26.458264000000042],[119.04038700000001,26.458187000000066],[119.04040200000009,26.458111000000031],[119.04047200000002,26.458094000000074],[119.04053800000008,26.458103000000051],[119.0406650000001,26.45816700000006],[119.04090500000007,26.458104000000048],[119.04095700000005,26.458108000000038],[119.04111300000011,26.458143000000064],[119.04132400000003,26.45822000000004],[119.04159800000002,26.458294000000024],[119.04166700000007,26.458383000000026],[119.0417030000001,26.458456000000069],[119.04175700000008,26.458541000000025],[119.04188900000008,26.458675000000028],[119.04205500000012,26.458872000000042],[119.04217200000005,26.459044000000063],[119.04222100000004,26.459202000000062],[119.0422430000001,26.459329000000025],[119.04221900000005,26.459376000000077],[119.04221100000007,26.459392000000037],[119.04217800000004,26.459482000000037],[119.04214700000011,26.459579000000076],[119.04212700000005,26.45964900000007],[119.04211700000008,26.459683000000041],[119.04205900000011,26.459789000000058],[119.04201500000011,26.459869000000026],[119.04200800000001,26.459894000000077],[119.04200100000003,26.45992300000006],[119.04200100000003,26.459957000000031],[119.04201100000012,26.459978000000035],[119.04201500000011,26.459987000000069]]]},"properties":{"OBJECTID":6,"villageNam":"蕉溪村与广坪村争议地","streetName":"廷坪乡","flag":0,"Shape_Leng":920.28601735999996,"MEAN_dist_":0,"MEAN_dist1":0,"MEAN_dis_1":0,"MEAN_dis_2":0,"VC_N":0,"Town_N":0,"Road_N":0,"Med_N":0,"居民占":0,"Exp_Vill":0,"ExpV_N":0,"Den_N":0,"Occ_N":0,"居民_1":0,"Exp_Vill_F":0,"Shape_Length":0.0087335446849049706,"Shape_Area":2.0711135000412596e-06}},{"type":"Feature","id":7,"geometry":{"type":"Polygon","coordinates":[[[119.05345200000011,26.499959000000047],[119.05351900000005,26.500053000000037],[119.05359300000009,26.500157000000058],[119.05360300000007,26.500195000000076],[119.05361300000004,26.500236000000029],[119.05361600000003,26.500375000000076],[119.05360700000006,26.500499000000048],[119.05362600000001,26.500706000000037],[119.05357500000002,26.500777000000028],[119.05355300000008,26.500946000000056],[119.05356900000004,26.501097000000073],[119.05355900000006,26.501195000000052],[119.05351700000006,26.501300000000072],[119.05344900000011,26.501359000000036],[119.05332700000008,26.501479000000074],[119.05324700000006,26.501621000000057],[119.05317200000002,26.502023000000065],[119.05316600000003,26.502241000000026],[119.05315300000007,26.502320000000054],[119.0530940000001,26.502410000000054],[119.05302700000004,26.502455000000054],[119.05294300000003,26.502477000000056],[119.05290500000001,26.502461000000039],[119.05289300000004,26.502409000000057],[119.05286600000011,26.502138000000059],[119.05284200000006,26.502028000000053],[119.05283900000006,26.501923000000033],[119.05279300000007,26.501900000000035],[119.05272200000002,26.501881000000026],[119.05260500000009,26.501918000000046],[119.05244500000003,26.502026000000058],[119.05234800000005,26.502176000000077],[119.05222900000001,26.502318000000059],[119.05213700000002,26.502415000000042],[119.05208600000003,26.502508000000034],[119.05202200000008,26.502643000000035],[119.0519670000001,26.502733000000035],[119.05189100000007,26.502759000000026],[119.05186200000003,26.502755000000036],[119.05177900000001,26.502755000000036],[119.05172400000004,26.502792000000056],[119.05169400000011,26.502852000000075],[119.05166500000007,26.502893000000029],[119.05153400000006,26.502975000000049],[119.05147600000009,26.50299300000006],[119.05139200000008,26.50299700000005],[119.05132500000002,26.502992000000063],[119.05130900000006,26.502977000000044],[119.05130500000007,26.502943000000073],[119.05133000000001,26.502895000000024],[119.05143100000009,26.502786000000071],[119.0515170000001,26.502508000000034],[119.05151400000011,26.502467000000024],[119.05150100000003,26.502456000000052],[119.05142600000011,26.502440000000036],[119.05130000000008,26.502492000000075],[119.05116600000008,26.502532000000031],[119.05098600000008,26.50253900000007],[119.0507980000001,26.502519000000063],[119.05069000000003,26.502447000000075],[119.0506610000001,26.502401000000077],[119.05064900000002,26.502333000000078],[119.05065400000001,26.502247000000068],[119.05067200000008,26.502153000000078],[119.05067200000008,26.502093000000059],[119.05070200000011,26.502044000000069],[119.05074000000002,26.502048000000059],[119.05081800000005,26.502124000000038],[119.05085600000007,26.502139000000057],[119.05091000000004,26.502136000000064],[119.05098100000009,26.502106000000026],[119.05109800000002,26.502141000000051],[119.05117800000005,26.502130000000079],[119.0512490000001,26.502052000000049],[119.05128800000011,26.501932000000068],[119.05127600000003,26.501815000000079],[119.05129000000011,26.50170600000007],[119.05134100000009,26.501650000000041],[119.05135300000006,26.50165400000003],[119.05135200000007,26.50175500000006],[119.05137200000001,26.501834000000031],[119.05138000000011,26.501962000000049],[119.05137000000002,26.502071000000058],[119.05138700000009,26.502120000000048],[119.05143700000008,26.502128000000027],[119.05146600000012,26.502117000000055],[119.05149600000004,26.502083000000027],[119.0516100000001,26.501877000000036],[119.05166500000007,26.501791000000026],[119.05182100000002,26.501702000000023],[119.05195500000002,26.501598000000058],[119.05204400000002,26.501463000000058],[119.05203700000004,26.50138000000004],[119.05201600000009,26.50133500000004],[119.0519700000001,26.501334000000043],[119.05193600000007,26.50137200000006],[119.05186000000003,26.501510000000053],[119.05180500000006,26.501555000000053],[119.05176800000004,26.501559000000043],[119.05175100000008,26.501540000000034],[119.05175500000007,26.501502000000073],[119.05182000000002,26.501288000000045],[119.05181199900005,26.501221000000044],[119.05179200000009,26.501187000000073],[119.05171700000005,26.501152000000047],[119.05154200000004,26.501091000000031],[119.05139500000007,26.501094000000023],[119.05132800000001,26.501089000000036],[119.05127000000005,26.501051000000075],[119.05112900000006,26.500945000000058],[119.05102900000009,26.500937000000079],[119.05095300000005,26.500955000000033],[119.05088600000011,26.500996000000043],[119.05088200000012,26.501034000000061],[119.05089000000009,26.501068000000032],[119.05095600000004,26.50111000000004],[119.0509770000001,26.501129000000049],[119.05099300000006,26.501166000000069],[119.05098900000007,26.50120000000004],[119.05094700000006,26.501230000000078],[119.05084700000009,26.501225000000034],[119.05078800000001,26.501180000000033],[119.05078500000002,26.501131000000044],[119.05081900000005,26.501079000000061],[119.05082700000003,26.501056000000062],[119.05081500000006,26.500985000000071],[119.05074000000002,26.500916000000075],[119.05067000000008,26.500882000000047],[119.05055300000004,26.500896000000068],[119.05025500000011,26.501022000000034],[119.05012500000009,26.501025000000027],[119.0499880000001,26.500979000000029],[119.04987600000004,26.500850000000071],[119.04981000000009,26.500711000000024],[119.04975200000001,26.500654000000054],[119.04962699900011,26.500627000000065],[119.04943500000002,26.50053900000006],[119.04933400000004,26.500431000000049],[119.04928700000005,26.500406000000055],[119.04927400000008,26.500364000000047],[119.04932900000006,26.500315000000057],[119.04947800000002,26.500286000000074],[119.04972900000007,26.50026900000006],[119.04985700000009,26.500325000000032],[119.04995800000006,26.500429000000054],[119.05005200000005,26.500472000000059],[119.05022200000008,26.500480000000039],[119.05033100000003,26.500377000000071],[119.05034500000011,26.500304000000028],[119.05033200000003,26.50027300000005],[119.0502580000001,26.500218000000075],[119.05025100000012,26.500181000000055],[119.05028500000003,26.500145000000032],[119.05041500000004,26.50008500000007],[119.05051000000003,26.500055000000032],[119.0505710000001,26.500006000000042],[119.05058900000006,26.499960000000044],[119.05060400000002,26.499921000000029],[119.05054800000005,26.499844000000053],[119.0503910000001,26.499707000000058],[119.05035300000009,26.499655000000075],[119.05036100000007,26.49957500000005],[119.05037900000002,26.499559000000033],[119.05038500000001,26.499554000000046],[119.05046100000004,26.49953800000003],[119.05059800000004,26.499491000000035],[119.05074000000002,26.499464000000046],[119.05080400000008,26.499401000000034],[119.05084800000009,26.49938700000007],[119.05091000000004,26.499414000000058],[119.05096300000002,26.499501000000066],[119.05098300000009,26.499593000000061],[119.0510250000001,26.499655000000075],[119.05112200000008,26.49971400000004],[119.05120700000009,26.499742000000026],[119.0512490000001,26.499788000000024],[119.05126600000006,26.499834000000078],[119.05124400000011,26.499868000000049],[119.05119300000001,26.499883000000068],[119.05118000000004,26.499906000000067],[119.05116200000009,26.499959000000047],[119.05113500000004,26.500139000000047],[119.05120900000009,26.500284000000079],[119.05128100000002,26.500392000000033],[119.05138800000009,26.500514000000067],[119.0514750000001,26.500680000000045],[119.05148700000007,26.500689000000023],[119.05159700000002,26.500775000000033],[119.05170400000009,26.500801000000024],[119.05187000000001,26.500783000000069],[119.05189600000006,26.500780000000077],[119.05195200000003,26.500713000000076],[119.05193300000008,26.500654000000054],[119.05188800000008,26.500583000000063],[119.05184300000008,26.500401000000068],[119.05176000000006,26.500213000000031],[119.05171600000006,26.500138000000049],[119.05167000000006,26.500060000000076],[119.05163400000004,26.499959000000047],[119.05152900100006,26.499821000000054],[119.05146000000002,26.499717000000032],[119.05143300000009,26.499668000000042],[119.05131800000004,26.499447000000032],[119.05116700000008,26.499187000000063],[119.05105300000002,26.499066000000028],[119.05087500000002,26.498961000000065],[119.05052400000011,26.498724000000038],[119.05036600000005,26.498591000000033],[119.05016200000011,26.498347000000024],[119.05000700000005,26.49822000000006],[119.04993000000002,26.498190000000079],[119.04984800000011,26.498192000000074],[119.04978000000006,26.49821600000007],[119.04951400000004,26.498374000000069],[119.04934300000002,26.498413000000028],[119.04925200000002,26.498417000000074],[119.04909900000007,26.498390000000029],[119.04887900000006,26.498384000000044],[119.04864300000008,26.498362000000043],[119.04855800000007,26.498335000000054],[119.04846800000007,26.49826100000007],[119.04835100000003,26.498131000000058],[119.04816400000004,26.497829000000024],[119.04812100000004,26.497789000000068],[119.04804700000011,26.497762000000023],[119.04776100000004,26.497760000000028],[119.04747600000007,26.497774000000049],[119.04717900000003,26.497735000000034],[119.04688300000009,26.497686000000044],[119.04654500000004,26.497657000000061],[119.04618500000004,26.497608000000071],[119.04581300000007,26.497569000000055],[119.04569700000002,26.497510000000034],[119.04558400000008,26.497445000000027],[119.04550500000005,26.49739900000003],[119.04538500000001,26.497377000000029],[119.04535400000009,26.497325000000046],[119.0453490000001,26.497265000000027],[119.04536500000006,26.497191000000043],[119.0454400000001,26.497145000000046],[119.04547000000002,26.497115000000065],[119.04552500000011,26.497116000000062],[119.04555800000003,26.497103000000038],[119.04564900000003,26.497115000000065],[119.04576900000006,26.497149000000036],[119.04584900000009,26.497165000000052],[119.04588500000011,26.497152000000028],[119.04599300000007,26.497083000000032],[119.04603400000008,26.497033000000044],[119.04608100000007,26.496964000000048],[119.04609700000003,26.496923000000038],[119.04610000000002,26.496851000000049],[119.04610900000011,26.496646000000055],[119.04617700000006,26.496490000000051],[119.04617800000005,26.496379000000047],[119.04615300000012,26.496273000000031],[119.04616400000009,26.496167000000071],[119.04625300000009,26.496002000000033],[119.04635600000006,26.495920000000069],[119.04646400000001,26.495865000000038],[119.04667900000004,26.495800000000031],[119.04685800000004,26.495800000000031],[119.0469240000001,26.49581500000005],[119.04700200000002,26.495791000000054],[119.04705600000011,26.495803000000024],[119.04717700000003,26.495917000000077],[119.04731600000002,26.495934000000034],[119.04742300000009,26.495920000000069],[119.04752500000006,26.495899000000065],[119.04759600000011,26.495915000000025],[119.04775300000006,26.495932000000039],[119.0478720000001,26.49590900000004],[119.04791100000011,26.49590100000006],[119.04805600000009,26.495923000000062],[119.04813100000001,26.495986000000073],[119.04811300000006,26.496091000000035],[119.04829500000005,26.496543000000031],[119.04846800000007,26.496753000000069],[119.04860800000006,26.496807000000047],[119.04877600000009,26.496886000000075],[119.04896500000007,26.497171000000037],[119.04912200000001,26.497266000000025],[119.04937300000006,26.497398000000032],[119.04964700000005,26.497851000000026],[119.04978600000004,26.49790900000005],[119.04987400000005,26.497889000000043],[119.0500310000001,26.497822000000042],[119.05027000000007,26.497771000000057],[119.05052200000011,26.497673000000077],[119.05074300000001,26.497643000000039],[119.05104000000006,26.497672000000023],[119.05125600000008,26.497615000000053],[119.05155200000002,26.497633000000064],[119.05215800000008,26.497595000000047],[119.05225100000007,26.497690000000034],[119.05230200000005,26.497790000000066],[119.05247700000007,26.497866000000045],[119.05251700000008,26.497917000000029],[119.05257600000004,26.497974000000056],[119.05272500000001,26.498070000000041],[119.05277700000011,26.498177000000055],[119.05288600000006,26.498288000000059],[119.0529600000001,26.498311000000058],[119.05302500000005,26.498315000000048],[119.05302600000005,26.498319000000038],[119.05303300000003,26.498352000000068],[119.05301200000008,26.498392000000024],[119.05303900000001,26.498498000000041],[119.05303600000002,26.498630000000048],[119.05306200000007,26.498803000000066],[119.05306100000007,26.498932000000025],[119.05304300000012,26.499013000000048],[119.05297400000006,26.499171000000047],[119.05292400000008,26.499356000000034],[119.05295000000001,26.499498000000074],[119.05326500000001,26.49983700000007],[119.05345200000011,26.499959000000047]]]},"properties":{"OBJECTID":7,"villageNam":"蕉溪村与曹地村争议地","streetName":"廷坪乡","flag":0,"Shape_Leng":4176.6517140300002,"MEAN_dist_":0,"MEAN_dist1":0,"MEAN_dis_1":0,"MEAN_dis_2":0,"VC_N":0,"Town_N":0,"Road_N":0,"Med_N":0,"居民占":0,"Exp_Vill":0,"ExpV_N":0,"Den_N":0,"Occ_N":0,"居民_1":0,"Exp_Vill_F":0,"Shape_Length":0.039883014321284438,"Shape_Area":1.7417188486948457e-05}},{"type":"Feature","id":8,"geometry":{"type":"Polygon","coordinates":[[[119.06900400000006,26.453358000000037],[119.0691240000001,26.453321000000074],[119.06929200000002,26.453236000000061],[119.06940500000007,26.453197000000046],[119.06955600000003,26.453186000000073],[119.06958600000007,26.453209000000072],[119.06959500000005,26.453248000000031],[119.06959000000006,26.453338000000031],[119.06959400000005,26.453412000000071],[119.06965800000012,26.453517000000033],[119.06982600000003,26.453607000000034],[119.07049900000004,26.453784000000041],[119.07055900000012,26.453827000000047],[119.07100300000002,26.454257000000041],[119.07112300000006,26.454421000000025],[119.07127800000001,26.454733000000033],[119.07138900000007,26.455022000000042],[119.07144900000003,26.455377000000055],[119.07151700000009,26.455482000000075],[119.0716900000001,26.455802000000062],[119.07172000000003,26.455982000000063],[119.07165000000009,26.456195000000037],[119.07158800000002,26.456416000000047],[119.07158800000002,26.456519000000071],[119.07171700000004,26.456713000000036],[119.07196800000008,26.457204000000047],[119.07218100000011,26.458292000000029],[119.07233700000006,26.458728000000065],[119.07289100000003,26.460184000000027],[119.07296500000007,26.460496000000035],[119.07303900000011,26.460872000000052],[119.07302700000002,26.461100000000044],[119.07298400000002,26.461257000000046],[119.07292500000005,26.461439000000041],[119.07291000000009,26.461485000000039],[119.0728180000001,26.461654000000067],[119.07279700000004,26.461730000000045],[119.07279700000004,26.461814000000061],[119.07287400000007,26.461990000000071],[119.07295600000009,26.462150000000065],[119.07296200000008,26.462187000000029],[119.07297500000004,26.462270000000046],[119.07297100000005,26.462362000000041],[119.07294500000012,26.462474000000043],[119.07293600000003,26.462489000000062],[119.07287900000006,26.462587000000042],[119.07285200000001,26.462499000000037],[119.07284900000002,26.462419000000068],[119.07283600000005,26.462339000000043],[119.07280000000003,26.462198000000058],[119.07270300000005,26.462045000000046],[119.07260600000006,26.461908000000051],[119.0725860010001,26.461879000000067],[119.07244800000001,26.461726000000056],[119.07233700000006,26.461591000000055],[119.07230800000002,26.46141300000005],[119.07233400000007,26.461185000000057],[119.07232600000009,26.461062000000027],[119.07228400000008,26.460896000000048],[119.07224300000007,26.460795000000076],[119.0722330000001,26.460663000000068],[119.0721880000001,26.460479000000078],[119.07208100000003,26.460178000000042],[119.07201500000008,26.460010000000068],[119.07186000000002,26.45970600000004],[119.07161100000008,26.459054000000037],[119.07147400000008,26.458777000000055],[119.07127200000002,26.45844900000003],[119.07116800000006,26.458292000000029],[119.07086300000003,26.457894000000067],[119.0707010000001,26.457738000000063],[119.07052500000009,26.457552000000078],[119.07049100000006,26.457468000000063],[119.07049600000005,26.457423000000063],[119.07054000000005,26.457255000000032],[119.07057100000009,26.457056000000023],[119.07055100000002,26.456923000000074],[119.07039200000008,26.456389000000058],[119.07035300000007,26.456157000000076],[119.07030100000009,26.456022000000075],[119.07017500000006,26.455697000000043],[119.07003100000009,26.455454000000032],[119.0698910000001,26.455177000000049],[119.06978600000002,26.454969000000062],[119.06958600000007,26.454484000000036],[119.06942500000002,26.454135000000065],[119.06907600000011,26.45357000000007],[119.06907100000001,26.453556000000049],[119.06900400000006,26.453358000000037]]]},"properties":{"OBJECTID":8,"villageNam":"广坪村与塘里村争议地","streetName":"廷坪乡","flag":0,"Shape_Leng":2350.6411438499999,"MEAN_dist_":0,"MEAN_dist1":0,"MEAN_dis_1":0,"MEAN_dis_2":0,"VC_N":0,"Town_N":0,"Road_N":0,"Med_N":0,"居民占":0,"Exp_Vill":0,"ExpV_N":0,"Den_N":0,"Occ_N":0,"居民_1":0,"Exp_Vill_F":0,"Shape_Length":0.021669596176225183,"Shape_Area":9.5400864090597697e-06}},{"type":"Feature","id":9,"geometry":{"type":"Polygon","coordinates":[[[119.03606900000011,26.526809000000071],[119.03594600000008,26.526923000000068],[119.03588200000002,26.526980000000037],[119.03586800000005,26.527010000000075],[119.03573600000004,26.527305000000069],[119.03548200000012,26.527483000000075],[119.03511200000003,26.527747000000033],[119.03488900000002,26.527785000000051],[119.03488700000003,26.527782000000059],[119.0348130000001,26.52767700000004],[119.03466800000001,26.527366000000029],[119.03455800000006,26.527154000000053],[119.03455000000008,26.527127000000064],[119.03452600000003,26.527047000000039],[119.03452300000004,26.527003000000036],[119.03452100000004,26.526984000000027],[119.03461400000003,26.526871000000028],[119.03463000000011,26.526852000000076],[119.03487800000005,26.526648000000023],[119.03493400000002,26.526598000000035],[119.0349930000001,26.526546000000053],[119.03500600000007,26.526534000000026],[119.03507600000012,26.526489000000026],[119.03510800000004,26.526469000000077],[119.03523100000007,26.526391000000046],[119.03532500000006,26.526313000000073],[119.03539500000011,26.526313000000073],[119.03547700000001,26.52637500000003],[119.03555100000005,26.526428000000067],[119.03581300000008,26.526614000000052],[119.03586400000006,26.526653000000067],[119.03606900000011,26.526809000000071]]]},"properties":{"OBJECTID":9,"villageNam":"黄埔村与溪坪村争议地","streetName":"廷坪乡","flag":0,"Shape_Leng":467.61842089499999,"MEAN_dist_":0,"MEAN_dist1":0,"MEAN_dis_1":0,"MEAN_dis_2":0,"VC_N":0,"Town_N":0,"Road_N":0,"Med_N":0,"居民占":0,"Exp_Vill":0,"ExpV_N":0,"Den_N":0,"Occ_N":0,"居民_1":0,"Exp_Vill_F":0,"Shape_Length":0.0044489453241704762,"Shape_Area":1.3133165000167386e-06}},{"type":"Feature","id":10,"geometry":{"type":"Polygon","coordinates":[[[119.05608900000004,26.506484000000057],[119.05600500000003,26.506662000000063],[119.05596300000002,26.506831000000034],[119.05593600000009,26.507002000000057],[119.05591800000002,26.507117000000051],[119.05590200000006,26.507308000000023],[119.05590000000007,26.507329000000027],[119.05588300000011,26.507433000000049],[119.05583300000001,26.507484000000034],[119.05577500000004,26.507497000000058],[119.05567200000007,26.50749200000007],[119.0554370000001,26.507416000000035],[119.05535600000007,26.507364000000052],[119.05529700000011,26.507305000000031],[119.05522700000006,26.507282000000032],[119.05519500000003,26.507262000000026],[119.05514300000004,26.507187000000044],[119.05511500000011,26.507188000000042],[119.05501600000002,26.507352000000026],[119.05494600000009,26.507375000000025],[119.05483300000003,26.50732000000005],[119.05468500000006,26.507301000000041],[119.05460100000005,26.507298000000048],[119.05458300000009,26.507291000000066],[119.05454400000008,26.507277000000045],[119.05451800000003,26.507209000000046],[119.05447000000004,26.507110000000068],[119.05437200000006,26.507026000000053],[119.05430700000011,26.506993000000023],[119.05425600000001,26.506968000000029],[119.05416200000002,26.506920000000036],[119.05413700000008,26.50688800000006],[119.05409600000007,26.506834000000026],[119.05410000000006,26.506783000000041],[119.05405200000007,26.506685000000061],[119.05407500000001,26.506511000000046],[119.05406500000004,26.506435000000067],[119.05397700000003,26.506379000000038],[119.05387100000007,26.506311000000039],[119.05379300000004,26.506221000000039],[119.05375400000003,26.506156000000033],[119.05370000000005,26.50606700000003],[119.0535000000001,26.505860000000041],[119.05339400000003,26.505751000000032],[119.05325500000004,26.505632000000048],[119.0532290000001,26.505557000000067],[119.05316600000003,26.505474000000049],[119.05310200000008,26.505331000000069],[119.05303300000003,26.505123000000026],[119.05294000000004,26.504789000000073],[119.0529140000001,26.504591000000062],[119.05294200000003,26.504580000000033],[119.05296200000009,26.504508000000044],[119.0529600000001,26.504288000000031],[119.05287500000009,26.504073000000062],[119.05272500000001,26.503907000000027],[119.05273100000011,26.503713000000062],[119.0527360000001,26.503604000000053],[119.0527750010001,26.503477000000032],[119.05285500000002,26.503343000000029],[119.05292600000007,26.503292000000044],[119.05299500000001,26.503285000000062],[119.05309900000009,26.503310000000056],[119.05325600000003,26.503396000000066],[119.05343800000003,26.503539000000046],[119.05355500000007,26.503657000000032],[119.05368800000008,26.503841000000023],[119.05379800000003,26.504071000000067],[119.05377300000009,26.50426200000004],[119.05384900000001,26.504591000000062],[119.0540850000001,26.504878000000076],[119.05427300000008,26.50522200000006],[119.05443000000002,26.505380000000059],[119.05479300000002,26.505683000000033],[119.05501500000003,26.505741000000057],[119.05520500000011,26.505800000000079],[119.05531600000006,26.505843000000027],[119.05549000000008,26.505859000000044],[119.05561200000011,26.505953000000034],[119.05565000000001,26.506013000000053],[119.05574400000012,26.506089000000031],[119.05594600000006,26.506399000000044],[119.05604200000005,26.506447000000037],[119.05608900000004,26.506484000000057]]]},"properties":{"OBJECTID":10,"villageNam":"廷坪村与溪坪村争议地","streetName":"廷坪乡","flag":0,"Shape_Leng":1294.17458674,"MEAN_dist_":0,"MEAN_dist1":0,"MEAN_dis_1":0,"MEAN_dis_2":0,"VC_N":0,"Town_N":0,"Road_N":0,"Med_N":0,"居民占":0,"Exp_Vill":0,"ExpV_N":0,"Den_N":0,"Occ_N":0,"居民_1":0,"Exp_Vill_F":0,"Shape_Length":0.012169760094649306,"Shape_Area":5.4003628694723588e-06}},{"type":"Feature","id":11,"geometry":{"type":"Polygon","coordinates":[[[119.05435200000011,26.499214000000052],[119.05436300000008,26.499219000000039],[119.05452600000001,26.499283000000048],[119.05465800000002,26.499344000000065],[119.05468000000008,26.499354000000039],[119.05471200000011,26.499364000000071],[119.05492600000002,26.499428000000023],[119.05502200000001,26.499422000000038],[119.05508900000007,26.499418000000048],[119.05525800000009,26.499445000000037],[119.05548700000008,26.499761000000035],[119.05559700000003,26.499870000000044],[119.05564200000003,26.499926000000073],[119.05568000000005,26.49993900000004],[119.05573900000002,26.499940000000038],[119.05578700000001,26.499946000000023],[119.05583900000011,26.499959000000047],[119.05581500000005,26.500028000000043],[119.05578900000012,26.500126000000023],[119.05566400000009,26.500190000000032],[119.0556630000001,26.500264000000072],[119.05576500000006,26.50036300000005],[119.05589600000008,26.500462000000027],[119.05603200000007,26.500507000000027],[119.0562000000001,26.500587000000053],[119.05636900000002,26.500622000000078],[119.05643100000009,26.500624000000073],[119.05664700000011,26.50062900000006],[119.05680000000007,26.500620000000026],[119.0568320000001,26.500694000000067],[119.05680900000004,26.50081700000004],[119.05684100000008,26.500964000000067],[119.05688400000008,26.501033000000064],[119.05694900000003,26.501063000000045],[119.05708600000003,26.501064000000042],[119.05719000000011,26.50101600000005],[119.0572820000001,26.501006000000075],[119.0574620000001,26.501032000000066],[119.05757100000005,26.501087000000041],[119.05761100000007,26.501144000000068],[119.05765699900007,26.501230000000078],[119.05768400000011,26.501261000000056],[119.05770000000007,26.501279000000068],[119.0577330000001,26.501284000000055],[119.05780400000003,26.50124100000005],[119.05783200000008,26.501201000000037],[119.05786000000001,26.50114300000007],[119.05789000000004,26.50111400000003],[119.05794100000003,26.501002000000028],[119.05811300000005,26.500845000000027],[119.05813400000011,26.500826000000075],[119.05826500000001,26.500782000000072],[119.05843200000004,26.500778000000025],[119.05857700000001,26.500838000000044],[119.0585880000001,26.500880000000052],[119.05861600000003,26.500988000000063],[119.05873100000008,26.501152000000047],[119.05880100000002,26.501212000000066],[119.05889500000001,26.501357000000041],[119.05893800000001,26.501432000000023],[119.05896500000006,26.501480000000072],[119.05901400000005,26.501635000000078],[119.05901400000005,26.501698000000033],[119.05898800000011,26.501752000000067],[119.05890700000009,26.501806000000045],[119.05884100000003,26.501837000000023],[119.05881000000011,26.501901000000032],[119.05874400000005,26.501991000000032],[119.05874400000005,26.502054000000044],[119.05878900000005,26.502105000000029],[119.05885400000011,26.502128000000027],[119.05912500000011,26.502266000000077],[119.05925100000002,26.502382000000068],[119.05913500000008,26.502447000000075],[119.05910700000004,26.502464000000032],[119.05901500000004,26.502545000000055],[119.05895500000008,26.502628000000072],[119.05889000000002,26.502685000000042],[119.05879000000004,26.502752000000044],[119.05880800000011,26.502793000000054],[119.05879600000003,26.502867000000037],[119.05879400000003,26.502883000000054],[119.05878800000005,26.502896000000078],[119.05871300000001,26.503065000000049],[119.05869700000005,26.503101000000072],[119.05869500000006,26.503104000000064],[119.05846800000006,26.503242000000057],[119.0583180000001,26.503319000000033],[119.05816100000004,26.503491000000054],[119.05815200000006,26.503501000000028],[119.05808000000002,26.503562000000045],[119.05803100000003,26.503603000000055],[119.05782800000009,26.503775000000076],[119.05772900000011,26.503963000000056],[119.05765800000006,26.504094000000066],[119.05762800000002,26.504148000000043],[119.05748300000005,26.504216000000042],[119.05743800000005,26.504302000000052],[119.05735100000004,26.504414000000054],[119.05729200000007,26.504510000000039],[119.05726300000003,26.504556000000036],[119.05725200000006,26.504578000000038],[119.05722300000002,26.504632000000072],[119.05714900000009,26.504720000000077],[119.05709300000001,26.504787000000078],[119.05695300000002,26.504953000000057],[119.05671800000005,26.505182000000048],[119.05661400000008,26.505283000000077],[119.05632300000002,26.505633000000046],[119.05627400000003,26.505791000000045],[119.05626500000005,26.506173000000047],[119.05630900000006,26.506215000000054],[119.05608900000004,26.506484000000057],[119.05604200000005,26.506447000000037],[119.05594600000006,26.506399000000044],[119.05574400000012,26.506089000000031],[119.05565000000001,26.506013000000053],[119.05561200000011,26.505953000000034],[119.05549000000008,26.505859000000044],[119.05531600000006,26.505843000000027],[119.05520500000011,26.505800000000079],[119.05501500000003,26.505741000000057],[119.05479300000002,26.505683000000033],[119.05443000000002,26.505380000000059],[119.05427300000008,26.50522200000006],[119.0540850000001,26.504878000000076],[119.05384900000001,26.504591000000062],[119.05377300000009,26.50426200000004],[119.05379800000003,26.504071000000067],[119.05389700000001,26.503977000000077],[119.05405300000007,26.50393500000007],[119.05424600000003,26.503947000000039],[119.05445000000009,26.503981000000067],[119.05476500000009,26.504056000000048],[119.05500200000006,26.504114000000072],[119.05508800000007,26.503909000000078],[119.05509800000004,26.503839000000028],[119.05512600000009,26.503639000000078],[119.05505600000004,26.503379000000052],[119.05505700000003,26.503293000000042],[119.05500500000005,26.503084000000058],[119.05499000000009,26.502955000000043],[119.05492800000002,26.502812000000063],[119.05491500000005,26.502582000000075],[119.05487900000003,26.502393000000041],[119.05483600000002,26.502081000000032],[119.05478300000004,26.501818000000071],[119.05468100000007,26.501499000000024],[119.05459800000006,26.501289000000043],[119.0545340000001,26.501039000000048],[119.05445000000009,26.50077600000003],[119.05434200000002,26.500520000000051],[119.05425400000001,26.500192000000027],[119.05416800000012,26.499963000000037],[119.05416900000012,26.499960000000044],[119.05421100000001,26.499811000000022],[119.05430300000012,26.499672000000032],[119.05432700000006,26.499525000000062],[119.05432300000007,26.499307000000044],[119.05435200000011,26.499214000000052]]]},"properties":{"OBJECTID":11,"villageNam":"石洋村与溪坪村争议地","streetName":"廷坪乡","flag":0,"Shape_Leng":2479.5473733399999,"MEAN_dist_":0,"MEAN_dist1":0,"MEAN_dis_1":0,"MEAN_dis_2":0,"VC_N":0,"Town_N":0,"Road_N":0,"Med_N":0,"居民占":0,"Exp_Vill":0,"ExpV_N":0,"Den_N":0,"Occ_N":0,"居民_1":0,"Exp_Vill_F":0,"Shape_Length":0.023401067428150568,"Shape_Area":1.9351945941517497e-05}},{"type":"Feature","id":12,"geometry":{"type":"Polygon","coordinates":[[[119.0904700000001,26.455081000000064],[119.09071200000005,26.455177000000049],[119.09073500000011,26.455224000000044],[119.0907400000001,26.455282000000068],[119.09071700000004,26.45538700000003],[119.09062300000005,26.455597000000068],[119.09049400000004,26.455718000000047],[119.09036500000002,26.455823000000066],[119.09013100000004,26.455922000000044],[119.08993200000009,26.455921000000046],[119.08969700000011,26.455846000000065],[119.0894770000001,26.455665000000067],[119.08923500000003,26.455364000000031],[119.08924100000002,26.455333000000053],[119.0892530000001,26.455271000000039],[119.08929500000011,26.455251000000032],[119.08931000000007,26.45524400000005],[119.08934000000011,26.455256000000077],[119.0893890000001,26.455276000000026],[119.08946200000003,26.455374000000063],[119.08950600000003,26.455408000000034],[119.0895210000001,26.455419000000063],[119.08954100000005,26.455435000000023],[119.08971100000008,26.455493000000047],[119.08973900000001,26.455497000000037],[119.08996700000012,26.455530000000067],[119.09001200000012,26.455538000000047],[119.09012000000007,26.455556000000058],[119.09021700000005,26.455557000000056],[119.09025100000008,26.455541000000039],[119.09028600000011,26.455484000000069],[119.09029100000009,26.455476000000033],[119.09029200000009,26.455354000000057],[119.09027100000003,26.455246000000045],[119.09026600000004,26.455222000000049],[119.09026500000004,26.455214000000069],[119.09026500000004,26.455169000000069],[119.09032800000011,26.455133000000046],[119.09041900000011,26.45510900000005],[119.09044600000004,26.455094000000031],[119.0904700000001,26.455081000000064]]]},"properties":{"OBJECTID":12,"villageNam":"尾桥村与塘里村争议地","streetName":"廷坪乡","flag":0,"Shape_Leng":440.155732693,"MEAN_dist_":0,"MEAN_dist1":0,"MEAN_dis_1":0,"MEAN_dis_2":0,"VC_N":0,"Town_N":0,"Road_N":0,"Med_N":0,"居民占":0,"Exp_Vill":0,"ExpV_N":0,"Den_N":0,"Occ_N":0,"居民_1":0,"Exp_Vill_F":0,"Shape_Length":0.0042264124983134484,"Shape_Area":5.8634949998296976e-07}},{"type":"Feature","id":13,"geometry":{"type":"Polygon","coordinates":[[[119.10779400000001,26.479990000000043],[119.10797100000002,26.479998000000023],[119.10833600000001,26.479964000000052],[119.10860000000002,26.479910000000075],[119.10874100000001,26.479864000000077],[119.10884900000008,26.479844000000071],[119.10894100000007,26.479856000000041],[119.10912600000006,26.479953000000023],[119.10924800000009,26.480031000000054],[119.10947500000009,26.480168000000049],[119.1096050000001,26.480226000000073],[119.10972900000002,26.480265000000031],[119.10976600000004,26.480287000000033],[119.10984500000006,26.480311000000029],[119.10994400000004,26.48032900000004],[119.1101470000001,26.480405000000076],[119.11028900000008,26.480479000000059],[119.11060900000007,26.480710000000045],[119.11069200000009,26.480760000000032],[119.11077900000009,26.48079800000005],[119.11081700000011,26.480808000000025],[119.11089900000002,26.480862000000059],[119.11105800000007,26.480965000000026],[119.11119600000006,26.481033000000025],[119.11137800000006,26.481099000000029],[119.11144600000011,26.48115400000006],[119.11155400000007,26.481270000000052],[119.11161500000003,26.481345000000033],[119.11165900000003,26.481381000000056],[119.11179300000003,26.481422000000066],[119.11188400000003,26.481458000000032],[119.1119920000001,26.481536000000062],[119.11212000000012,26.481596000000025],[119.11219000000006,26.481601000000069],[119.11228400000005,26.481583000000057],[119.11236800000006,26.481573000000026],[119.11242500000003,26.481573000000026],[119.11254300000007,26.481606000000056],[119.11270400000001,26.48168000000004],[119.11300400000005,26.481808000000058],[119.11322900000005,26.481882000000041],[119.11337400000002,26.48190900000003],[119.11354200000005,26.48195000000004],[119.11369900000011,26.481970000000047],[119.11398500000007,26.482005000000072],[119.11416100000008,26.48204000000004],[119.11429700000008,26.482067000000029],[119.11434100000008,26.482076000000063],[119.11463600000002,26.482158000000027],[119.11498700000004,26.482271000000026],[119.11517500000002,26.482358000000033],[119.11522400000001,26.482401000000038],[119.11524300000008,26.482418000000052],[119.11527700000011,26.48246000000006],[119.1152810000001,26.482523000000072],[119.11527200000012,26.482677000000024],[119.11524600000007,26.482744000000025],[119.11519300000009,26.482843000000059],[119.11508600000002,26.48292200000003],[119.11498900000004,26.482959000000051],[119.11459100000002,26.483016000000077],[119.11443700000007,26.483053000000041],[119.11419300000011,26.483148000000028],[119.11389500000007,26.483309000000077],[119.11376500000006,26.483373000000029],[119.11361800000009,26.48342800000006],[119.11354800000004,26.483480000000043],[119.11351800000011,26.483546000000047],[119.11351600000012,26.483637000000044],[119.11354400000005,26.483800000000031],[119.1135250000001,26.483893000000023],[119.11325500000009,26.484172000000058],[119.11314500000003,26.484258000000068],[119.11309200000005,26.484271000000035],[119.11303100000009,26.484286000000054],[119.1129380000001,26.484295000000031],[119.11283700000001,26.484295000000031],[119.1127130000001,26.484257000000071],[119.11251400000003,26.484165000000075],[119.11230400000011,26.484082000000058],[119.11223500000006,26.484054000000071],[119.11207000000002,26.484013000000061],[119.11198200000001,26.48399500000005],[119.11191500000007,26.483953000000042],[119.11186500000008,26.483939000000078],[119.11179400000003,26.48395400000004],[119.11169100000006,26.48399100000006],[119.11155700000006,26.484049000000027],[119.11130900000001,26.484114000000034],[119.11115900000004,26.484142000000077],[119.11100800000008,26.484182000000033],[119.11082900000008,26.48422000000005],[119.11066300000005,26.484256000000073],[119.11045500000012,26.484287000000052],[119.11037900000008,26.484288000000049],[119.11035100000004,26.484288000000049],[119.11025400000005,26.484321000000023],[119.11020400000007,26.484352000000058],[119.11012400000004,26.48435500000005],[119.1099190000001,26.484308000000055],[119.10957600000006,26.48418300000003],[119.10947500000009,26.484187000000077],[119.10940100000005,26.484208000000024],[119.1092910000001,26.484287000000052],[119.10915100000011,26.484400000000051],[119.10900500000002,26.484497000000033],[119.10890400000005,26.484489000000053],[119.10882000000004,26.484447000000046],[119.10869800000012,26.484327000000064],[119.10859400000004,26.484243000000049],[119.10855600000002,26.484213000000068],[119.10854200000006,26.484180000000038],[119.10855900000001,26.484155000000044],[119.10859900000003,26.484125000000063],[119.10860500000001,26.484101000000067],[119.10855500000002,26.48404400000004],[119.10848100100009,26.484002000000032],[119.10841000000005,26.484002000000032],[119.10814500000004,26.484025000000031],[119.10803400000009,26.483992000000057],[119.10795700000006,26.483981000000028],[119.1078500000001,26.48398700000007],[119.1077160000001,26.484030000000075],[119.10764200000006,26.484025000000031],[119.10754800000007,26.483983000000023],[119.10746700000004,26.483926000000054],[119.10739600000011,26.483851000000072],[119.10733200000004,26.483836000000053],[119.10728500000005,26.483842000000038],[119.10725500000001,26.483870000000024],[119.10727600000007,26.483930000000043],[119.10733000000005,26.483981000000028],[119.10733800000003,26.483996000000047],[119.1073540000001,26.484023000000036],[119.10736400000008,26.484105000000056],[119.1073550000001,26.484141000000079],[119.10729800000001,26.484189000000072],[119.10724200000004,26.48426500000005],[119.1072190000001,26.484362000000033],[119.10718600000007,26.484452000000033],[119.10712300000012,26.48455800000005],[119.1070370000001,26.484634000000028],[119.10696700000005,26.484671000000048],[119.10690000000011,26.484671000000048],[119.10683600000004,26.484666000000061],[119.10679600000003,26.484681000000023],[119.10678300000006,26.484732000000065],[119.10676500000011,26.484770000000026],[119.10675300000003,26.484796000000074],[119.10670000000005,26.484847000000059],[119.10664800000006,26.48488100000003],[119.10661600000003,26.484902000000034],[119.10658300000011,26.484957000000065],[119.10657400000002,26.484999000000073],[119.1065870000001,26.485047000000066],[119.10664200000008,26.485122000000047],[119.10665900000004,26.485167000000047],[119.10666000000003,26.485183000000063],[119.10666300000003,26.485228000000063],[119.10663600000009,26.485282000000041],[119.1066350000001,26.485300000000052],[119.1066330000001,26.485318000000063],[119.10654600000009,26.485592000000054],[119.10650300000009,26.485638000000051],[119.10629400000005,26.48570600000005],[119.1062280000001,26.485761000000025],[119.10619400000007,26.485794000000055],[119.10621300000003,26.485869000000037],[119.10621500000002,26.485876000000076],[119.10620200000005,26.485909000000049],[119.10614200000009,26.485967000000073],[119.10610900000006,26.486024000000043],[119.10605700000008,26.486184000000037],[119.10601700000007,26.486248000000046],[119.10595200000012,26.486319000000037],[119.10589500000003,26.486360000000047],[119.10583700000007,26.486369000000025],[119.10579400000006,26.48635100000007],[119.10575600000004,26.486315000000047],[119.10572300000001,26.486311000000057],[119.1056900000001,26.486320000000035],[119.10566300000005,26.486348000000078],[119.10566600000004,26.486393000000078],[119.10569700000008,26.486461000000077],[119.10570500000006,26.486540000000048],[119.10569500000008,26.486590000000035],[119.10566800000004,26.486644000000069],[119.10558000000003,26.486745000000042],[119.10549000000003,26.486781000000065],[119.10538400000007,26.486784000000057],[119.10535300000004,26.486771000000033],[119.10524200000009,26.486688000000072],[119.10521400000005,26.486667000000068],[119.10513200000003,26.486563000000046],[119.10507100000007,26.486473000000046],[119.10502300000007,26.48641200000003],[119.10497700000008,26.486401000000058],[119.10493500000007,26.486401000000058],[119.10490900000002,26.486413000000027],[119.10489500000006,26.486470000000054],[119.10487200000011,26.486785000000054],[119.10484700000006,26.486839000000032],[119.1048340000001,26.486849000000063],[119.10476100000005,26.486851000000058],[119.10467300000005,26.486847000000068],[119.10460500000011,26.486857000000043],[119.10452200000009,26.486900000000048],[119.1044720000001,26.486953000000028],[119.1043810000001,26.487032000000056],[119.10430600000007,26.487123000000054],[119.10417600000005,26.487244000000032],[119.10406500000011,26.487405000000024],[119.10402400000009,26.487469000000033],[119.10398400000008,26.487533000000042],[119.10393800000008,26.487577000000044],[119.10390600000005,26.487599000000046],[119.10387000000003,26.487539000000027],[119.10386000000005,26.48752200000007],[119.10381400000006,26.487379000000033],[119.10378800000001,26.487236000000053],[119.10380000000009,26.487104000000045],[119.10380100000009,26.487097000000063],[119.10380200000009,26.487085000000036],[119.10381100000006,26.486962000000062],[119.10385500000007,26.486783000000059],[119.10400300000003,26.486540000000048],[119.10411700000009,26.486376000000064],[119.10416100000009,26.486339000000044],[119.10427700000002,26.48632200000003],[119.10433500000011,26.48626500000006],[119.10440600000004,26.486070000000041],[119.10447900000008,26.485905000000059],[119.10461800000007,26.485704000000055],[119.10467900000003,26.485646000000031],[119.1047440000001,26.485630000000072],[119.10491500000001,26.485622000000035],[119.10499300000004,26.485594000000049],[119.10508800000002,26.485482000000047],[119.1051020000001,26.485448000000076],[119.10512900000003,26.485378000000026],[119.10513100000003,26.485264000000029],[119.10511600000007,26.485148000000038],[119.10504800000001,26.485055000000045],[119.10491500000001,26.484952000000078],[119.10476800000004,26.484859000000029],[119.10473100000002,26.484826000000055],[119.10468000000003,26.484781000000055],[119.10464000000002,26.484705000000076],[119.10464700000011,26.484556000000055],[119.1046960000001,26.48431000000005],[119.1047890000001,26.484001000000035],[119.10503900000003,26.483242000000075],[119.10508800000002,26.483127000000025],[119.10515400000008,26.482988000000034],[119.10517900000002,26.48292200000003],[119.10530700000004,26.482808000000034],[119.1054640000001,26.482708000000059],[119.10559000000001,26.48264400000005],[119.10570500000006,26.482631000000026],[119.1059130000001,26.482627000000036],[119.10630700000002,26.482676000000026],[119.10649000000001,26.482682000000068],[119.1067680000001,26.482663000000059],[119.10729100000003,26.482643000000053],[119.10736400000008,26.482617000000062],[119.10738000000003,26.482584000000031],[119.10739100000001,26.482503000000065],[119.10737600000004,26.482402000000036],[119.10730700000011,26.482263000000046],[119.10720800000001,26.482130000000041],[119.10705800000005,26.482017000000042],[119.10688800000003,26.481881000000044],[119.10679400000004,26.481778000000077],[119.10677400000009,26.481687000000079],[119.10677300000009,26.481619000000023],[119.10679000000005,26.481553000000076],[119.10683700000004,26.481459000000029],[119.10695600000008,26.481279000000029],[119.10703200000012,26.481126000000074],[119.10721300000012,26.480744000000072],[119.1073080000001,26.480652000000077],[119.10755400000005,26.480489000000034],[119.10763500000007,26.48042300000003],[119.1076680000001,26.480375000000038],[119.1076680000001,26.480324000000053],[119.10763300000008,26.48023100000006],[119.10762700000009,26.480168000000049],[119.10765200000003,26.480117000000064],[119.10772100000008,26.480056000000047],[119.10779400000001,26.479990000000043]]]},"properties":{"OBJECTID":13,"villageNam":"石坑村与后溪村争议地","streetName":"廷坪乡","flag":0,"Shape_Leng":3708.5910439700001,"MEAN_dist_":0,"MEAN_dist1":0,"MEAN_dis_1":0,"MEAN_dis_2":0,"VC_N":0,"Town_N":0,"Road_N":0,"Med_N":0,"居民占":0,"Exp_Vill":0,"ExpV_N":0,"Den_N":0,"Occ_N":0,"居民_1":0,"Exp_Vill_F":0,"Shape_Length":0.035631111270558985,"Shape_Area":3.1857682479116261e-05}},{"type":"Feature","id":14,"geometry":{"type":"Polygon","coordinates":[[[119.09298600000011,26.519558000000075],[119.09297600000002,26.519580000000076],[119.09293400000001,26.519630000000063],[119.09292000000005,26.519680000000051],[119.09286400000008,26.519754000000034],[119.09282900000005,26.519810000000064],[119.09282200000007,26.519828000000075],[119.09246600000006,26.519937000000027],[119.09219500000006,26.52001000000007],[119.09208700000011,26.520027000000027],[119.09204900000009,26.520034000000066],[119.09197300000005,26.520077000000072],[119.09176400000001,26.52020600000003],[119.09152800000004,26.520367000000078],[119.09131200000002,26.520558000000051],[119.09127000000001,26.520614000000023],[119.09115700000007,26.520813000000032],[119.09111500000006,26.520955000000072],[119.09110800000008,26.520965000000047],[119.09104500000001,26.521048000000064],[119.09101700000008,26.521073000000058],[119.09100300000011,26.521123000000046],[119.09100100000001,26.521335000000079],[119.09103400000004,26.521515000000079],[119.09108400000002,26.521618000000046],[119.09111600000006,26.52168400000005],[119.09126700000002,26.521847000000037],[119.0913700000001,26.521916000000033],[119.09149400000001,26.522054000000026],[119.0915480000001,26.522154000000057],[119.09158200000002,26.52224700000005],[119.09171900000001,26.522485000000074],[119.09180800000001,26.522573000000023],[119.09193200000004,26.522630000000049],[119.09198700000002,26.522698000000048],[119.09202100000005,26.52276100000006],[119.09203400000001,26.522848000000067],[119.09208200000012,26.522954000000027],[119.09219800000005,26.523111000000029],[119.0923150000001,26.523180000000025],[119.09238400000004,26.52326800000003],[119.09243200000003,26.523367000000064],[119.09245900000008,26.523461000000054],[119.09257500000001,26.523580000000038],[119.09284200000002,26.523968000000025],[119.09297200000003,26.52424300000007],[119.09301700000003,26.524579000000074],[119.09300900000005,26.52482800000007],[119.09290900000008,26.525226000000032],[119.0929000000001,26.525369000000069],[119.09279500000002,26.525605000000041],[119.0927660000001,26.525692000000049],[119.09275900000011,26.525804000000051],[119.09271600000011,26.525956000000065],[119.0926310000001,26.526152000000025],[119.09252600000002,26.526282000000037],[119.09247100000005,26.526344000000051],[119.0924490000001,26.526406000000065],[119.09237300000007,26.526487000000031],[119.09229600000003,26.526549000000045],[119.09212200000002,26.526703000000055],[119.0919550000001,26.526802000000032],[119.09180800000001,26.526913000000036],[119.09169000000009,26.526962000000026],[119.09157300000004,26.526980000000037],[119.09147600000006,26.52696700000007],[119.09138600000006,26.526972000000058],[119.0913230000001,26.526984000000027],[119.09128200000009,26.526984000000027],[119.09122000000002,26.526940000000025],[119.09117200000003,26.526834000000065],[119.09111000000007,26.526803000000029],[119.09109600000011,26.526802000000032],[119.09097900000006,26.526802000000032],[119.09086800000011,26.526776000000041],[119.09082000000001,26.526720000000068],[119.09070900000006,26.526713000000029],[119.09064000000001,26.526712000000032],[119.09039800000005,26.526761000000079],[119.09023100000002,26.526772000000051],[119.09014100000002,26.526753000000042],[119.08990600000004,26.526751000000047],[119.08986800000002,26.526756000000034],[119.08975700000008,26.526622000000032],[119.08953300000007,26.526422000000025],[119.0893890000001,26.52632200000005],[119.08930400000008,26.526263000000029],[119.08880500000009,26.525988000000041],[119.08852100000001,26.525863000000072],[119.08820000000003,26.525739000000044],[119.08763600000009,26.525553000000059],[119.08738400000004,26.525443000000053],[119.08694600000001,26.525274000000024],[119.08679000000006,26.525236000000064],[119.0865970000001,26.525209000000075],[119.08630500000004,26.525216000000057],[119.08605900000009,26.525238000000058],[119.08585300000004,26.525287000000048],[119.0856040000001,26.525375000000054],[119.0853810000001,26.525495000000035],[119.0851990000001,26.525635000000023],[119.08505400000001,26.525738000000047],[119.08494600000006,26.525816000000077],[119.08484300000009,26.52585700000003],[119.08470900000009,26.525882000000024],[119.08455300000003,26.525902000000031],[119.08448600000008,26.525943000000041],[119.08446000000004,26.525968000000034],[119.08439200000009,26.526032000000043],[119.08429500000011,26.526075000000048],[119.08414400000004,26.526126000000033],[119.08387200000004,26.526204000000064],[119.0835780000001,26.526325000000043],[119.08348400000011,26.52637500000003],[119.08292500000005,26.52660700000007],[119.08266800000001,26.526694000000077],[119.08251100000007,26.526743000000067],[119.08230600000002,26.526804000000027],[119.08220400000005,26.526679000000058],[119.08219200000008,26.526612000000057],[119.08220800000004,26.526433000000054],[119.08221100000003,26.526304000000039],[119.08220200000005,26.526053000000047],[119.08226900000011,26.525801000000058],[119.08235700000012,26.525748000000078],[119.08251500000006,26.525713000000053],[119.08256600000004,26.525667000000055],[119.08261200000004,26.525590000000022],[119.08264900000006,26.525513000000046],[119.0826800000001,26.525426000000039],[119.08269500000006,26.525389000000075],[119.08271800000011,26.525225000000034],[119.08272800000009,26.525172000000055],[119.08273600000007,26.525004000000024],[119.0827690000001,26.524896000000069],[119.0828600000001,26.524634000000049],[119.08290100000011,26.524550000000033],[119.0829040000001,26.524482000000035],[119.08280600000001,26.524254000000042],[119.0828140000001,26.524184000000048],[119.08283300000005,26.524107000000072],[119.08296700000005,26.523869000000047],[119.08304200000009,26.523785000000032],[119.08320300000003,26.523675000000026],[119.08334400000001,26.523546000000067],[119.08342700000003,26.52349300000003],[119.08353700000009,26.523387000000071],[119.08368600000006,26.523227000000077],[119.08375700000011,26.523164000000065],[119.0838050000001,26.523102000000051],[119.08385700000008,26.52307200000007],[119.08386600000006,26.523066000000028],[119.08396000000005,26.523064000000034],[119.08397000000002,26.523067000000026],[119.08408300000008,26.523100000000056],[119.08424500000001,26.523197000000039],[119.08437000000004,26.523286000000041],[119.0843910000001,26.523297000000071],[119.08443000000011,26.523317000000077],[119.08450300000004,26.523352000000045],[119.08454600000005,26.523362000000077],[119.08464200000003,26.523364000000072],[119.08470900000009,26.523352000000045],[119.08475900000008,26.523312000000033],[119.08488800000009,26.523192000000051],[119.0851080000001,26.523075000000063],[119.08523800000012,26.523044000000027],[119.08531800000003,26.523007000000064],[119.08537200000001,26.52295300000003],[119.08549300000004,26.522698000000048],[119.08560000000011,26.522533000000067],[119.08570999900007,26.522389000000032],[119.08586300000002,26.522286000000065],[119.08591000000001,26.522273000000041],[119.08607700000005,26.522228000000041],[119.08618000000001,26.522215000000074],[119.08624800000007,26.522258000000079],[119.08625600000005,26.52228400000007],[119.08622300000002,26.522395000000074],[119.08619400000009,26.52243500000003],[119.08618600000011,26.522446000000059],[119.08616600000005,26.52252500000003],[119.08622600000001,26.52255800000006],[119.08635400000003,26.522584000000052],[119.08648700000003,26.522574000000077],[119.0866400000001,26.522441000000072],[119.0867770000001,26.522352000000069],[119.08689900000002,26.522266000000059],[119.08710900000005,26.52216100000004],[119.08713100000011,26.522150000000067],[119.08720500000004,26.522113000000047],[119.08759200000009,26.521856000000071],[119.08773700000006,26.521744000000069],[119.08795100000009,26.521621000000039],[119.08831600000008,26.521488000000033],[119.08858700000008,26.521334000000024],[119.08880600000009,26.521222000000023],[119.08900100000005,26.521141000000057],[119.08933400000001,26.52093700000006],[119.08954100000005,26.520795000000078],[119.08969100000002,26.520631000000037],[119.08982900000001,26.520509000000061],[119.09003600000005,26.520273000000032],[119.09023300000001,26.519987000000071],[119.09052000000008,26.51979300000005],[119.09092100000009,26.519724000000053],[119.09133300000008,26.519726000000048],[119.09164200000009,26.519687000000033],[119.09187100000008,26.519670000000076],[119.09189400000002,26.519668000000024],[119.09212300000002,26.519608000000062],[119.09230600000001,26.519592000000046],[119.09243600000002,26.519576000000029],[119.09264600000006,26.51954900000004],[119.0928560000001,26.519548000000043],[119.09291000000007,26.519548000000043],[119.09298600000011,26.519558000000075]]]},"properties":{"OBJECTID":14,"villageNam":"文山岗村与廷坪村争议","streetName":"廷坪乡","flag":0,"Shape_Leng":3701.3594072000001,"MEAN_dist_":0,"MEAN_dist1":0,"MEAN_dis_1":0,"MEAN_dis_2":0,"VC_N":0,"Town_N":0,"Road_N":0,"Med_N":0,"居民占":0,"Exp_Vill":0,"ExpV_N":0,"Den_N":0,"Occ_N":0,"居民_1":0,"Exp_Vill_F":0,"Shape_Length":0.035555979141500535,"Shape_Area":4.1555972623405776e-05}},{"type":"Feature","id":15,"geometry":{"type":"Polygon","coordinates":[[[119.10439400000007,26.445534000000066],[119.1044260000001,26.445666000000074],[119.10442200000011,26.445750000000032],[119.10440300000005,26.445889000000079],[119.10429800000009,26.446110000000033],[119.10398200000009,26.446493000000032],[119.10383400000001,26.446664000000055],[119.10366600000009,26.446942000000035],[119.10359800000003,26.447158000000059],[119.10357900000008,26.447291000000064],[119.10357900000008,26.447341000000051],[119.10363400000006,26.447397000000024],[119.10383100000001,26.447481000000039],[119.10399100000006,26.447537000000068],[119.10401000000002,26.44759300000004],[119.10400900000002,26.447659000000044],[119.10386700000004,26.447826000000077],[119.10312600000009,26.448390000000074],[119.10284100000001,26.448561000000041],[119.10253200000011,26.448815000000025],[119.10243300000002,26.448960000000056],[119.10237800000004,26.449098000000049],[119.10232100000007,26.449337000000071],[119.10225500000001,26.44976500000007],[119.10215100000005,26.449749000000054],[119.10200400000008,26.449740000000077],[119.10160800000006,26.449750000000051],[119.10139500000002,26.449742000000072],[119.10132400000009,26.449723000000063],[119.10129300000006,26.449678000000063],[119.10128800000007,26.449577000000033],[119.10131300000012,26.449481000000048],[119.1014550000001,26.449357000000077],[119.1015460000001,26.449261000000035],[119.10162700000001,26.449110000000076],[119.10167200000001,26.448986000000048],[119.10171200000002,26.448794000000078],[119.10171600000001,26.44862500000005],[119.10169600000006,26.448442000000057],[119.10165500000005,26.448282000000063],[119.10160900000005,26.448195000000055],[119.10152200000005,26.448122000000069],[119.10146100000009,26.448091000000034],[119.10134500000004,26.448073000000079],[119.10072000000002,26.448019000000045],[119.1005990000001,26.448038000000054],[119.10051800000008,26.448093000000028],[119.1003760000001,26.448230000000024],[119.10017900000003,26.448445000000049],[119.10008200000004,26.448532000000057],[119.09998100000007,26.448601000000053],[119.09991500000001,26.448615000000075],[119.09984900000006,26.448615000000075],[119.09978300000012,26.448579000000052],[119.09974200000011,26.448542000000032],[119.09972700000003,26.448455000000024],[119.09977200000003,26.44805800000006],[119.09976600000005,26.447952000000043],[119.09973600000001,26.447870000000023],[119.09966900000006,26.447774000000038],[119.09959300000003,26.447715000000073],[119.09944600000006,26.447628000000066],[119.09920700000009,26.447533000000078],[119.09897300000011,26.447447000000068],[119.09823700000004,26.44727000000006],[119.09792200000004,26.447220000000073],[119.09764800000005,26.447161000000051],[119.09755700000005,26.447120000000041],[119.09732800000006,26.446961000000044],[119.0970890000001,26.446774000000062],[119.09702800000002,26.446696000000031],[119.09697200000005,26.446559000000036],[119.09694100000002,26.446513000000039],[119.09685000000002,26.446422000000041],[119.09677800000009,26.446367000000066],[119.09664100000009,26.446290000000033],[119.09644300000002,26.446194000000048],[119.09633600000006,26.446153000000038],[119.09619400000008,26.446122000000059],[119.09596600000009,26.446099000000061],[119.09582900000009,26.446077000000059],[119.09571700000004,26.446031000000062],[119.09552900000006,26.445936000000074],[119.0951980000001,26.445689000000073],[119.09494900000004,26.445553000000075],[119.09464500000001,26.445393000000024],[119.09450600000002,26.445348000000024],[119.09415700000011,26.445239000000072],[119.09397400000012,26.445175000000063],[119.09387300000003,26.445152000000064],[119.09378400000003,26.445149000000072],[119.09367000000009,26.445144000000028],[119.09347200000002,26.445144000000028],[119.09329400000001,26.445117000000039],[119.09316700000011,26.445058000000074],[119.09287200000006,26.444871000000035],[119.09254200000009,26.444629000000077],[119.09228300000007,26.444454000000064],[119.09225200000003,26.44443300000006],[119.09247700000003,26.444399000000033],[119.09283900000003,26.444370000000049],[119.09302800000012,26.444345000000055],[119.09328600000003,26.444283000000041],[119.09351600000002,26.444234000000051],[119.09365600000001,26.444185000000061],[119.09378200000003,26.444132000000025],[119.09394500000008,26.444074000000057],[119.09415200000001,26.444029000000057],[119.09445500000004,26.443947000000037],[119.09469900000011,26.443902000000037],[119.09520000000009,26.44389300000006],[119.09551600000009,26.443892000000062],[119.09583700000007,26.443879000000038],[119.09616300000005,26.443895000000055],[119.09633000000008,26.443886000000077],[119.09644300000002,26.443902000000037],[119.0966820000001,26.443955000000074],[119.09682700000008,26.443975000000023],[119.09707100000003,26.443999000000076],[119.09736500000008,26.444035000000042],[119.09755500000006,26.444075000000055],[119.09782600000005,26.444095000000061],[119.09807400000011,26.444082000000037],[119.09818300000006,26.444094000000064],[119.09837200000004,26.444147000000044],[119.09862100000009,26.444244000000026],[119.09882000000005,26.444313000000079],[119.09894200000008,26.444341000000065],[119.09913700000004,26.444349000000045],[119.0992040000001,26.444336000000078],[119.09933100000001,26.444299000000058],[119.09938900000009,26.444287000000031],[119.09951100000001,26.444287000000031],[119.09963800000003,26.444299000000058],[119.09979600000008,26.44430200000005],[119.1001930000001,26.444269000000077],[119.10033400000009,26.444269000000077],[119.10052800000005,26.444281000000046],[119.10070900000005,26.444317000000069],[119.10093900000004,26.444365000000062],[119.10103400000003,26.444402000000025],[119.10109300000011,26.444426000000078],[119.10120600000005,26.444515000000024],[119.10129700000005,26.444560000000024],[119.10152700000003,26.444645000000037],[119.10179900000003,26.44472600000006],[119.10239600000011,26.444916000000035],[119.10265800000002,26.445021000000054],[119.10331400000007,26.445337000000052],[119.10361200000011,26.445451000000048],[119.10391100000004,26.445544000000041],[119.10409200000004,26.445568000000037],[119.10422300000005,26.445568000000037],[119.10434900000007,26.445547000000033],[119.10439400000007,26.445534000000066]]]},"properties":{"OBJECTID":15,"villageNam":"廷坪乡尾桥村与大湖乡争议","streetName":"廷坪乡","flag":0,"Shape_Leng":3287.0248458900001,"MEAN_dist_":0,"MEAN_dist1":0,"MEAN_dis_1":0,"MEAN_dis_2":0,"VC_N":0,"Town_N":0,"Road_N":0,"Med_N":0,"居民占":0,"Exp_Vill":0,"ExpV_N":0,"Den_N":0,"Occ_N":0,"居民_1":0,"Exp_Vill_F":0,"Shape_Length":0.031992419026635487,"Shape_Area":3.1360289500106679e-05}},{"type":"Feature","id":16,"geometry":{"type":"Polygon","coordinates":[[[119.12572000000011,26.444690000000037],[119.12553100000002,26.444544000000064],[119.12532800000008,26.444380000000024],[119.12501200000008,26.444070000000067],[119.12489500000004,26.443970000000036],[119.12470700000006,26.443865000000073],[119.12444300000004,26.443683000000078],[119.12434100000007,26.443628000000047],[119.12422900000001,26.443610000000035],[119.12407700000006,26.443610000000035],[119.12386900000001,26.443625000000054],[119.12363600000003,26.443671000000052],[119.12345300000004,26.443721000000039],[119.12336200000004,26.443740000000048],[119.12316400000009,26.443754000000069],[119.12296100000003,26.443745000000035],[119.1227990000001,26.443723000000034],[119.12267700000007,26.443719000000044],[119.12250000000006,26.443733000000066],[119.12214500000005,26.443798000000072],[119.12156100000004,26.443840000000023],[119.12129800000002,26.443868000000066],[119.12102400000003,26.443905000000029],[119.12077000000011,26.443965000000048],[119.12043100000005,26.444080000000042],[119.12029400000006,26.444136000000071],[119.12006600000007,26.444269000000077],[119.11962000000005,26.444507000000044],[119.11940300000003,26.444723000000067],[119.11924600000009,26.444920000000025],[119.11890200000005,26.445433000000037],[119.11884200000009,26.445511000000067],[119.11867000000007,26.445685000000026],[119.1185230000001,26.445822000000078],[119.11843700000009,26.44588600000003],[119.11828500000001,26.445955000000026],[119.1180270000001,26.446052000000066],[119.11780900000008,26.446126000000049],[119.11764100000005,26.446222000000034],[119.11750500000005,26.446323000000064],[119.11726700000008,26.446543000000077],[119.11701400000004,26.446726000000069],[119.11682700000006,26.446937000000048],[119.11657400000001,26.44718000000006],[119.1163610000001,26.44744600000007],[119.11617500000011,26.447798000000034],[119.11607900000001,26.447936000000027],[119.11590700000011,26.448380000000043],[119.11582700000008,26.448535000000049],[119.11570000000006,26.448696000000041],[119.11560400000008,26.448783000000049],[119.11552300000005,26.448810000000037],[119.1154140000001,26.448816000000079],[119.11521400000004,26.448834000000033],[119.11514800000009,26.448866000000066],[119.11508700000002,26.448930000000075],[119.11495100000002,26.449232000000052],[119.11485500000003,26.449484000000041],[119.11478000000011,26.449580000000026],[119.11468800000011,26.449654000000066],[119.11467100000004,26.449663000000044],[119.11449600000003,26.449755000000039],[119.11429300000009,26.449851000000024],[119.11395400000004,26.449948000000063],[119.11374100000012,26.449967000000072],[119.11340100000007,26.449963000000025],[119.11313700000005,26.449982000000034],[119.11278700000003,26.450019000000054],[119.11241600000005,26.450029000000029],[119.11224900000002,26.450052000000028],[119.11211700000001,26.450098000000025],[119.11205100000006,26.450135000000046],[119.1119910000001,26.450199000000055],[119.11191000000008,26.45033200000006],[119.11182400000007,26.450547000000029],[119.11171300000001,26.45079400000003],[119.11158200000011,26.451055000000053],[119.11153200000001,26.451192000000049],[119.11148100000003,26.451288000000034],[119.11141600000008,26.451348000000053],[119.11131400000011,26.45139400000005],[119.11123300000008,26.451417000000049],[119.11109600000009,26.451445000000035],[119.11086300000011,26.451532000000043],[119.11031600000001,26.451693000000034],[119.11007200000006,26.451790000000074],[119.10909900000001,26.452240000000074],[119.10883600000011,26.452328000000023],[119.10873500000002,26.452401000000066],[119.10859800000003,26.45255700000007],[119.10833500000001,26.452795000000037],[119.10817300000008,26.452955000000031],[119.10806700000001,26.453093000000024],[119.10789000000011,26.453432000000078],[119.10775400000011,26.453651000000036],[119.10762200000011,26.453844000000061],[119.10748100000001,26.454013000000032],[119.10733900000002,26.454164000000048],[119.10719700000004,26.454288000000076],[119.10700200000008,26.454331000000025],[119.10689400000001,26.454368000000045],[119.10674000000006,26.454491000000075],[119.10666000000003,26.454555000000028],[119.10656400000005,26.454590000000053],[119.10646300000008,26.454628000000071],[119.10637100000008,26.454656000000057],[119.10592500000007,26.454675000000066],[119.1057320000001,26.454698000000064],[119.1055090000001,26.454712000000029],[119.10525000000007,26.454713000000027],[119.10503700000004,26.454695000000072],[119.10489000000007,26.454663000000039],[119.10464100000002,26.45459500000004],[119.1042910000001,26.454482000000041],[119.1037520000001,26.454364000000055],[119.10359500000004,26.454300000000046],[119.10329000000002,26.454146000000037],[119.10320100000001,26.454113000000063],[119.10299000000009,26.454036000000031],[119.10282300000006,26.453927000000078],[119.10274600000002,26.453868000000057],[119.10272800000007,26.453826000000049],[119.1027160000001,26.45379900000006],[119.10272000000009,26.453726000000074],[119.1028060000001,26.453328000000056],[119.10282500000005,26.453090000000032],[119.10280900000009,26.452894000000072],[119.10274800000002,26.452661000000035],[119.10266600000011,26.452437000000032],[119.10252800000001,26.452222000000063],[119.10247200000003,26.452099000000032],[119.10244100000011,26.451930000000061],[119.10243100000002,26.451824000000045],[119.10245600000007,26.451678000000072],[119.10263700000007,26.451326000000051],[119.10272800000007,26.451133000000027],[119.10282900000004,26.450859000000037],[119.10287400000004,26.450726000000031],[119.10290900000007,26.450603000000058],[119.10292400000003,26.45047900000003],[119.10290900000007,26.450346000000025],[119.10284700000011,26.450191000000075],[119.10272500000008,26.450018000000057],[119.10263300000008,26.44990800000005],[119.10253200000011,26.449840000000052],[119.10232900000005,26.449776000000043],[119.10225500000001,26.44976500000007],[119.10232100000007,26.449337000000071],[119.10237800000004,26.449098000000049],[119.10243300000002,26.448960000000056],[119.10253200000011,26.448815000000025],[119.10284100000001,26.448561000000041],[119.10312600000009,26.448390000000074],[119.10386700000004,26.447826000000077],[119.10400900000002,26.447659000000044],[119.10401000000002,26.44759300000004],[119.10399100000006,26.447537000000068],[119.10383100000001,26.447481000000039],[119.10363400000006,26.447397000000024],[119.10357900000008,26.447341000000051],[119.10357900000008,26.447291000000064],[119.10359800000003,26.447158000000059],[119.10366600000009,26.446942000000035],[119.10383400000001,26.446664000000055],[119.10398200000009,26.446493000000032],[119.10429800000009,26.446110000000033],[119.10440300000005,26.445889000000079],[119.10442200000011,26.445750000000032],[119.1044260000001,26.445666000000074],[119.10439400000007,26.445534000000066],[119.10471000000007,26.445444000000066],[119.1047870000001,26.445436000000029],[119.10487300000011,26.445448000000056],[119.10495000000003,26.445485000000076],[119.10531700000001,26.445761000000061],[119.10541100000012,26.445797000000027],[119.10552000000007,26.445817000000034],[119.10579600000005,26.445821000000024],[119.1060940000001,26.445812000000046],[119.10649600000011,26.445831000000055],[119.10673500000007,26.445851000000062],[119.10698400000001,26.445883000000038],[119.10710600000004,26.445887000000027],[119.10719600000004,26.445875000000058],[119.10743100000002,26.445801000000074],[119.1075350000001,26.445732000000078],[119.10776500000009,26.445548000000031],[119.10787700000003,26.445429000000047],[119.10799400000008,26.445352000000071],[119.10809800000004,26.44527400000004],[119.10822000000007,26.445148000000074],[119.10831000000007,26.445025000000044],[119.10847600000011,26.444838000000061],[119.10863000000006,26.444691000000034],[119.10873300000003,26.444626000000028],[119.10883300000012,26.444617000000051],[119.10902700000008,26.444637000000057],[119.1091540000001,26.444653000000073],[119.10921200000007,26.44468100000006],[119.10926200000006,26.44472200000007],[119.10953400000005,26.445125000000075],[119.1096070000001,26.445198000000062],[119.10967900000003,26.445234000000028],[119.10974700000008,26.445250000000044],[119.10986500000001,26.445250000000044],[119.11003200000005,26.44523300000003],[119.11035700000002,26.445253000000037],[119.11042000000009,26.445245000000057],[119.11045600000011,26.445216000000073],[119.11049200000002,26.445155000000057],[119.11050100000011,26.44509000000005],[119.11048300000004,26.44499600000006],[119.11044100000004,26.444561000000078],[119.11044000000004,26.444439000000045],[119.11045400000012,26.444386000000065],[119.11051200000009,26.444324000000051],[119.11057100000005,26.444292000000075],[119.11068900000009,26.444283000000041],[119.11090100000001,26.444283000000041],[119.11103500000002,26.444292000000075],[119.11108200000001,26.444295000000068],[119.11126700000011,26.44433900000007],[119.11138800000003,26.444379000000026],[119.11143900000002,26.44439600000004],[119.11153800000011,26.444446000000028],[119.11173300000007,26.444550000000049],[119.11188700000002,26.444594000000052],[119.11205400000006,26.444631000000072],[119.11220800000001,26.444630000000075],[119.11237900000003,26.444581000000028],[119.11256400000002,26.444581000000028],[119.11273600000004,26.444596000000047],[119.11287600000003,26.444617000000051],[119.11294400000008,26.444608000000073],[119.11298000000011,26.444588000000067],[119.11302500000011,26.444547000000057],[119.1130740000001,26.444449000000077],[119.11309700000004,26.44435500000003],[119.11309200000005,26.444205000000068],[119.11310000000003,26.444050000000061],[119.1131180000001,26.443985000000055],[119.11315400000001,26.443940000000055],[119.11324000000002,26.443879000000038],[119.11336200000005,26.443830000000048],[119.11338200000012,26.443827000000056],[119.11387500000001,26.443682000000024],[119.11404300000004,26.443661000000077],[119.11409100000003,26.443699000000038],[119.11416500000007,26.443706000000077],[119.11436500000002,26.443687000000068],[119.11474900000007,26.443643000000066],[119.11493400000006,26.443651000000045],[119.11507500000005,26.44364500000006],[119.11519300000009,26.443646000000058],[119.1153260000001,26.443607000000043],[119.11546700000008,26.443528000000072],[119.11564600000008,26.443402000000049],[119.11579400000005,26.443363000000033],[119.11600900000008,26.443325000000073],[119.11652600000002,26.443361000000039],[119.11669600000005,26.443402000000049],[119.11682100000007,26.44341600000007],[119.11711600000001,26.443591000000026],[119.11722600100006,26.443665000000067],[119.11732200000006,26.443679000000031],[119.11747000000003,26.44365300000004],[119.11767000000009,26.443601000000058],[119.11782600000004,26.443529000000069],[119.11798900000008,26.44347700000003],[119.11815200000001,26.443451000000039],[119.11830700000007,26.443459000000075],[119.11857200000009,26.443533000000059],[119.11893400000008,26.443669000000057],[119.11911800000007,26.443697000000043],[119.11922900000002,26.443651000000045],[119.11927400000002,26.443591000000026],[119.11936300000002,26.443552000000068],[119.1195110000001,26.443519000000038],[119.11985800000002,26.443575000000067],[119.12004300000001,26.443576000000064],[119.12019800000007,26.443630000000041],[119.1204570000001,26.443638000000078],[119.12066400000003,26.443606000000045],[119.12088600000004,26.443528000000072],[119.12110900000005,26.443429000000037],[119.12128000000007,26.443337000000042],[119.1214500000001,26.443318000000033],[119.12170100000003,26.443346000000076],[119.12196000000006,26.443355000000054],[119.12225500000011,26.443356000000051],[119.12247700000012,26.443411000000026],[119.12258700000007,26.443485000000067],[119.12267500000007,26.443552000000068],[119.12272000000007,26.443566000000033],[119.12283100000002,26.443566000000033],[119.12290500000006,26.443540000000041],[119.12320800000009,26.443449000000044],[119.12340800000004,26.443423000000053],[119.12373400000001,26.443419000000063],[119.12407400000006,26.443394000000069],[119.12417700000003,26.443395000000066],[119.12428100000011,26.443362000000036],[119.12445800000012,26.443370000000073],[119.12532900000008,26.443661000000077],[119.12558700000011,26.443716000000052],[119.12617000000012,26.443895000000055],[119.12610500000005,26.444010000000048],[119.12572000000011,26.444690000000037]]]},"properties":{"OBJECTID":16,"villageNam":"廷坪乡石坑村与大湖乡争议","streetName":"廷坪乡","flag":0,"Shape_Leng":6620.21899011,"MEAN_dist_":0,"MEAN_dist1":0,"MEAN_dis_1":0,"MEAN_dis_2":0,"VC_N":0,"Town_N":0,"Road_N":0,"Med_N":0,"居民占":0,"Exp_Vill":0,"ExpV_N":0,"Den_N":0,"Occ_N":0,"居民_1":0,"Exp_Vill_F":0,"Shape_Length":0.064041521438893814,"Shape_Area":0.00010688193604388823}}]}